Workbook

Sheet Task Sprint 4
A1: SWP391 – TASK SHEET SPRINT 4 (03/11 → 16/11) – Tổng kết khoá học, hồ sơ HLV/hội viên, báo cáo doanh thu theo thời gian
A2: Chốt phạm vi 26/10/2026: KHÔNG làm AI và kế hoạch tập luyện · Nhanh: migration + báo cáo doanh thu full-stack · Bảo: BE tổng kết khoá, đánh giá, báo cáo hội viên · Khôi: hồ sơ HLV/hội viên full-stack · Khải: FE tổng kết khoá, đánh giá, E2E · cột "#" trong Ghi chú trỏ về dòng ở SWP391_UCP_Sprint_Role_Split · Cập nhật 29/10: Bảo nhận toàn bộ task của Nhanh, thực hiện trên sprint-4/be-bao.
A4: Task ID | B4: US | C4: Function / Screen | D4: Loại | E4: Người làm | F4: Level | G4: Business Rule | H4: Nhánh | I4: Bắt đầu | J4: Hạn | K4: Trạng thái | L4: Ghi chú
A5: S4-00 | B5: Nền dữ liệu | C5: BE – Một migration cho Sprint 4 (tạo bằng --create-only, không DROP bảng legacy): bảng coach_profiles, member_profiles, course_summaries, course_summary_items, course_ratings; thêm COMPLETED vào ClassStatus; cấu hình COURSE_SUMMARY_DEADLINE_DAYS, COURSE_PASS_MIN_ATTENDANCE_PERCENT, COURSE_RATING_WINDOW_DAYS, COACH_MEMBER_VIEW_DAYS, COACH_BIO_MAX_LENGTH, REPORT_MAX_DAYS_BY_GROUP; quyền COACH_PROFILE_*, MEMBER_PROFILE_VIEW_ASSIGNED, COURSE_SUMMARY_*, COURSE_RATING_*. Viết hợp đồng API docs/huong-dan/api-sprint4.md. | D5: BE | E5: Bảo | F5: Medium | G5: Chỉ Nhanh sửa schema.prisma và tạo migration; ai cần thêm cột nhắn Nhanh. Chạy thử trên DB tạm trước, test cũ phải pass. | H5: sprint-4/be-bao | I5: 03/11/2026 | J5: 04/11/2026 | K5: Review | L5: Làm đầu tiên — mọi người rebase sau khi merge. Bảo, Khôi, Khải đọc và đồng ý contract trước 04/11. · Chuyển từ Nhanh sang Bảo theo phân công 29/10/2026.
A6: S4-01 | B6: UC-UM-22 | C6: BE – Hồ sơ HLV – HLV tự cập nhật (màn S20 mở rộng): ảnh đại diện, giới thiệu ngắn, số năm kinh nghiệm, chứng chỉ, email/SĐT/Zalo liên hệ công khai và công tắc "hiện thông tin liên hệ cho hội viên". Chuyên môn (bộ môn) vẫn do quản lý khai báo ở UC-UM-21. | D6: BE | E6: Khôi | F6: Medium | G6: BR-S4-01: email liên hệ công khai tách khỏi email đăng nhập, mặc định bằng email đăng nhập; tắt công tắc thì hội viên không thấy email/SĐT/Zalo. Giới thiệu ≤ COACH_BIO_MAX_LENGTH (mặc định 1000) ký tự; ảnh jpg/png ≤ 2 MB. Mọi thay đổi ghi audit log. | H6: sprint-4/fe-khoi | I6: 04/11/2026 | J6: 07/11/2026 | K6: To Do | L6: GET/PUT /me/coach-profile, tải ảnh đại diện
A7: S4-02 | B7: UC-UM-22 | C7: FE – Hồ sơ HLV – HLV tự cập nhật (màn S20 mở rộng): ảnh đại diện, giới thiệu ngắn, số năm kinh nghiệm, chứng chỉ, email/SĐT/Zalo liên hệ công khai và công tắc "hiện thông tin liên hệ cho hội viên". Chuyên môn (bộ môn) vẫn do quản lý khai báo ở UC-UM-21. | D7: FE | E7: Khôi | F7: Medium | G7: BR-S4-01: email liên hệ công khai tách khỏi email đăng nhập, mặc định bằng email đăng nhập; tắt công tắc thì hội viên không thấy email/SĐT/Zalo. Giới thiệu ≤ COACH_BIO_MAX_LENGTH (mặc định 1000) ký tự; ảnh jpg/png ≤ 2 MB. Mọi thay đổi ghi audit log. | H7: sprint-4/fe-khoi | I7: 05/11/2026 | J7: 08/11/2026 | K7: To Do | L7: Tab "Hồ sơ HLV" trong trang Hồ sơ (chỉ hiện khi có quyền)
A8: S4-03 | B8: UC-UM-23 | C8: BE – Danh sách HLV cho hội viên (màn S34 mới): hội viên xem các HLV đang hoạt động dạng thẻ (ảnh, tên, chuyên môn, số lớp đang mở, điểm đánh giá trung bình), lọc theo bộ môn, tìm theo tên. | D8: BE | E8: Khôi | F8: Simple | G8: BR-S4-02: chỉ hiện tài khoản có quyền dạy lớp, trạng thái ACTIVE và có ít nhất một chuyên môn. Không lộ thông tin nội bộ (role, ngày tạo, trạng thái khoá). | H8: sprint-4/fe-khoi | I8: 04/11/2026 | J8: 07/11/2026 | K8: To Do | L8: GET /coaches?subjectId=&q=
A9: S4-04 | B9: UC-UM-23 | C9: BE – Xem hồ sơ HLV (màn S35 mới): giới thiệu, kinh nghiệm, chứng chỉ, chuyên môn, các lớp HLV đang mở (bấm để đăng ký khoá học), điểm đánh giá và nhận xét gần đây, nút liên hệ (mở mail, gọi điện, Zalo). Mở được từ màn 9, S24 (tên HLV trên thẻ/chi tiết lớp) và màn S34. | D9: BE | E9: Khôi | F9: Medium | G9: BR-S4-01: chỉ hiện liên hệ khi HLV bật công tắc. BR-S4-11: nhận xét đánh giá hiển thị ẩn danh (chỉ tên viết tắt). HLV đã nghỉ (LOCKED) → 404 với hội viên. | H9: sprint-4/fe-khoi | I9: 05/11/2026 | J9: 08/11/2026 | K9: To Do | L9: GET /coaches/:id (lớp đang mở, điểm TB lấy từ bảng course_ratings của Bảo)
A10: S4-05 | B10: UC-UM-23 | C10: FE – Danh sách HLV cho hội viên (màn S34 mới): hội viên xem các HLV đang hoạt động dạng thẻ (ảnh, tên, chuyên môn, số lớp đang mở, điểm đánh giá trung bình), lọc theo bộ môn, tìm theo tên. | D10: FE | E10: Khôi | F10: Simple | G10: BR-S4-02: chỉ hiện tài khoản có quyền dạy lớp, trạng thái ACTIVE và có ít nhất một chuyên môn. Không lộ thông tin nội bộ (role, ngày tạo, trạng thái khoá). | H10: sprint-4/fe-khoi | I10: 06/11/2026 | J10: 09/11/2026 | K10: To Do | L10: Trang "Huấn luyện viên" (S34), đăng ký ở routeRegistry
A11: S4-06 | B11: UC-UM-23 | C11: FE – Xem hồ sơ HLV (màn S35 mới): giới thiệu, kinh nghiệm, chứng chỉ, chuyên môn, các lớp HLV đang mở (bấm để đăng ký khoá học), điểm đánh giá và nhận xét gần đây, nút liên hệ (mở mail, gọi điện, Zalo). Mở được từ màn 9, S24 (tên HLV trên thẻ/chi tiết lớp) và màn S34. | D11: FE | E11: Khôi | F11: Medium | G11: BR-S4-01: chỉ hiện liên hệ khi HLV bật công tắc. BR-S4-11: nhận xét đánh giá hiển thị ẩn danh (chỉ tên viết tắt). HLV đã nghỉ (LOCKED) → 404 với hội viên. | H11: sprint-4/fe-khoi | I11: 07/11/2026 | J11: 10/11/2026 | K11: To Do | L11: Trang hồ sơ HLV (S35) + link từ thẻ/chi tiết lớp
A12: S4-07 | B12: UC-UM-24 | C12: BE – Hồ sơ tập luyện của hội viên (màn S20 mở rộng): ngày sinh, giới tính, chiều cao/cân nặng (tuỳ chọn), mục tiêu tập luyện, trình độ (mới bắt đầu / trung bình / nâng cao), ghi chú sức khoẻ – chấn thương, người liên hệ khẩn cấp và công tắc "chia sẻ mục tiêu/sức khoẻ với HLV". | D12: BE | E12: Khôi | F12: Simple | G12: Đáp ứng yêu cầu đề tài "Coach xem thông tin cơ bản và mục tiêu tập luyện của từng học viên". BR-S4-04: ghi chú sức khoẻ chỉ HLV đang/đã dạy hội viên và quản lý/lễ tân xem được; tắt chia sẻ thì HLV chỉ thấy họ tên, liên hệ, chuyên cần. Lễ tân sửa hộ ở màn S22 có audit log. | H12: sprint-4/fe-khoi | I12: 05/11/2026 | J12: 07/11/2026 | K12: To Do | L12: GET/PUT /me/member-profile; lễ tân sửa hộ qua /members/:id/profile
A13: S4-08 | B13: UC-UM-24 | C13: FE – Hồ sơ tập luyện của hội viên (màn S20 mở rộng): ngày sinh, giới tính, chiều cao/cân nặng (tuỳ chọn), mục tiêu tập luyện, trình độ (mới bắt đầu / trung bình / nâng cao), ghi chú sức khoẻ – chấn thương, người liên hệ khẩn cấp và công tắc "chia sẻ mục tiêu/sức khoẻ với HLV". | D13: FE | E13: Khôi | F13: Simple | G13: Đáp ứng yêu cầu đề tài "Coach xem thông tin cơ bản và mục tiêu tập luyện của từng học viên". BR-S4-04: ghi chú sức khoẻ chỉ HLV đang/đã dạy hội viên và quản lý/lễ tân xem được; tắt chia sẻ thì HLV chỉ thấy họ tên, liên hệ, chuyên cần. Lễ tân sửa hộ ở màn S22 có audit log. | H13: sprint-4/fe-khoi | I13: 07/11/2026 | J13: 09/11/2026 | K13: To Do | L13: Mục "Hồ sơ tập luyện" trong Hồ sơ + màn S22
A14: S4-09 | B14: UC-UM-25 | C14: BE – HLV xem hồ sơ học viên (màn S36 mới, mở từ danh sách học viên màn 11 / S26 và màn điểm danh): thông tin cơ bản, liên hệ, mục tiêu, trình độ, sức khoẻ, chuyên cần trong các lớp của HLV đó và các tổng kết khoá đã học với HLV. Thêm màn "Học viên của tôi" liệt kê toàn bộ học viên các lớp HLV phụ trách. | D14: BE | E14: Khôi | F14: Medium | G14: BR-S4-03: HLV chỉ xem được hội viên đang có đăng ký BOOKED trong lớp mình dạy, hoặc đã học lớp của mình và lớp kết thúc chưa quá COACH_MEMBER_VIEW_DAYS (mặc định 30) ngày; ngoài phạm vi → 403. HLV không thấy hoá đơn, số dư, gói tự tập. Kiểm tra bằng quyền MEMBER_PROFILE_VIEW_ASSIGNED, không so tên role. | H14: sprint-4/fe-khoi | I14: 07/11/2026 | J14: 10/11/2026 | K14: To Do | L14: GET /coach/members, GET /coach/members/:id — test 403 ngoài phạm vi
A15: S4-10 | B15: UC-UM-25 | C15: FE – HLV xem hồ sơ học viên (màn S36 mới, mở từ danh sách học viên màn 11 / S26 và màn điểm danh): thông tin cơ bản, liên hệ, mục tiêu, trình độ, sức khoẻ, chuyên cần trong các lớp của HLV đó và các tổng kết khoá đã học với HLV. Thêm màn "Học viên của tôi" liệt kê toàn bộ học viên các lớp HLV phụ trách. | D15: FE | E15: Khôi | F15: Medium | G15: BR-S4-03: HLV chỉ xem được hội viên đang có đăng ký BOOKED trong lớp mình dạy, hoặc đã học lớp của mình và lớp kết thúc chưa quá COACH_MEMBER_VIEW_DAYS (mặc định 30) ngày; ngoài phạm vi → 403. HLV không thấy hoá đơn, số dư, gói tự tập. Kiểm tra bằng quyền MEMBER_PROFILE_VIEW_ASSIGNED, không so tên role. | H15: sprint-4/fe-khoi | I15: 09/11/2026 | J15: 12/11/2026 | K15: To Do | L15: Màn "Học viên của tôi" + drawer hồ sơ học viên từ danh sách lớp / điểm danh
... A39: S4-34 | B39: Tài liệu | C39: Tài liệu – Kịch bản demo cuối kỳ (cập nhật LoTrinh_Demo) và diễn tập cả nhóm. | D39: Docs | E39: Bảo | F39: Simple | G39: — | H39: sprint-4/be-bao | I39: 14/11/2026 | J39: 15/11/2026 | K39: To Do | L39: #126. Khoá code 16/11. · Chuyển từ Nhanh sang Bảo theo phân công 29/10/2026.

Sheet Tổng hợp
A1: Tiến độ Sprint 4 theo thành viên
A3: Thành viên | B3: Vai | C3: Tổng task | D3: To Do | E3: In Progress | F3: Review | G3: Done | H3: % Done
A4: Nhanh | B4: BE · Leader (+ FE báo cáo) | C4: =COUNTIF('Task Sprint 4'!$E$5:$E$39,A4) | D4: =COUNTIFS('Task Sprint 4'!$E$5:$E$39,$A4,'Task Sprint 4'!$K$5:$K$39,"To Do") | E4: =COUNTIFS('Task Sprint 4'!$E$5:$E$39,$A4,'Task Sprint 4'!$K$5:$K$39,"In Progress") | F4: =COUNTIFS('Task Sprint 4'!$E$5:$E$39,$A4,'Task Sprint 4'!$K$5:$K$39,"Review") | G4: =COUNTIFS('Task Sprint 4'!$E$5:$E$39,$A4,'Task Sprint 4'!$K$5:$K$39,"Done") | H4: =IF(C4=0,0,G4/C4)
A5: Bảo | B5: BE | C5: =COUNTIF('Task Sprint 4'!$E$5:$E$39,A5) | D5: =COUNTIFS('Task Sprint 4'!$E$5:$E$39,$A5,'Task Sprint 4'!$K$5:$K$39,"To Do") | E5: =COUNTIFS('Task Sprint 4'!$E$5:$E$39,$A5,'Task Sprint 4'!$K$5:$K$39,"In Progress") | F5: =COUNTIFS('Task Sprint 4'!$E$5:$E$39,$A5,'Task Sprint 4'!$K$5:$K$39,"Review") | G5: =COUNTIFS('Task Sprint 4'!$E$5:$E$39,$A5,'Task Sprint 4'!$K$5:$K$39,"Done") | H5: =IF(C5=0,0,G5/C5)
A6: Khôi | B6: Full-stack (hồ sơ) | C6: =COUNTIF('Task Sprint 4'!$E$5:$E$39,A6) | D6: =COUNTIFS('Task Sprint 4'!$E$5:$E$39,$A6,'Task Sprint 4'!$K$5:$K$39,"To Do") | E6: =COUNTIFS('Task Sprint 4'!$E$5:$E$39,$A6,'Task Sprint 4'!$K$5:$K$39,"In Progress") | F6: =COUNTIFS('Task Sprint 4'!$E$5:$E$39,$A6,'Task Sprint 4'!$K$5:$K$39,"Review") | G6: =COUNTIFS('Task Sprint 4'!$E$5:$E$39,$A6,'Task Sprint 4'!$K$5:$K$39,"Done") | H6: =IF(C6=0,0,G6/C6)
A7: Khải | B7: FE | C7: =COUNTIF('Task Sprint 4'!$E$5:$E$39,A7) | D7: =COUNTIFS('Task Sprint 4'!$E$5:$E$39,$A7,'Task Sprint 4'!$K$5:$K$39,"To Do") | E7: =COUNTIFS('Task Sprint 4'!$E$5:$E$39,$A7,'Task Sprint 4'!$K$5:$K$39,"In Progress") | F7: =COUNTIFS('Task Sprint 4'!$E$5:$E$39,$A7,'Task Sprint 4'!$K$5:$K$39,"Review") | G7: =COUNTIFS('Task Sprint 4'!$E$5:$E$39,$A7,'Task Sprint 4'!$K$5:$K$39,"Done") | H7: =IF(C7=0,0,G7/C7)
A8: Tổng | C8: =SUM(C4:C7) | D8: =SUM(D4:D7) | E8: =SUM(E4:E7) | F8: =SUM(F4:F7) | G8: =SUM(G4:G7) | H8: =IF(C8=0,0,G8/C8)
A10: Demo main flow Sprint 4 (Review 4 – cuối kỳ):
A11: 1. Hội viên mở trang Huấn luyện viên → lọc bộ môn → xem hồ sơ HLV, lớp đang mở, đánh giá → bấm liên hệ (mail / gọi / Zalo) → đăng ký khoá của HLV
A12: 2. Hội viên cập nhật hồ sơ tập luyện (mục tiêu, trình độ, sức khoẻ); HLV mở danh sách học viên → xem hồ sơ; HLV khác mở cùng hội viên → bị chặn
A13: 3. Lớp có buổi cuối đã qua → job chuyển COMPLETED → HLV nhận thông báo → lập tổng kết (chuyên cần tự tính, Đạt/Chưa đạt, nhận xét) → công bố
A14: 4. Hội viên nhận thông báo → xem kết quả khoá, tải phiếu tổng kết PDF → đánh giá khoá và HLV → điểm TB hiện trên hồ sơ HLV
A15: 5. Quản lý mở lại một tổng kết có lý do → HLV sửa, công bố lại; tab Tổng kết khoá: % Đạt, chuyên cần TB, khoá chưa nộp
A16: 6. Báo cáo doanh thu theo tháng/quý/năm, so sánh kỳ trước, cơ cấu gói tự tập / khoá học / chênh lệch, top lớp; báo cáo hội viên và đăng ký theo thời gian; xuất Excel/PDF

Sheet Không làm
A1: PHẠM VI KHÔNG LÀM Ở SPRINT 4 (CHỐT 26/10/2026) – GIỮ LẠI ĐỂ TRUY VẾT, KHÔNG TÍNH VÀO TỔNG HỢP
A2: Các function này vẫn nằm trong tab Phân chia UC với trạng thái "Huỷ". Phần "đánh giá tiến độ, nhận xét học viên" của Coach được đáp ứng bằng tổng kết khoá học (#116–117).
A3: # | B3: Nhóm | C3: Function | D3: Người làm (cũ) | E3: Trạng thái | F3: Lý do
A4: 65 | B4: Training | C4: Tạo / sửa kế hoạch tập luyện (UC-TR-01) | D4: Bảo / Khôi | E4: Huỷ | F4: Ngoài phạm vi Sprint 4; code training cũ (nhánh khoi) không còn trên remote
A5: 66 | B5: Training | C5: Ghi kết quả buổi tập (UC-TR-02) | D5: Bảo / Khôi | E5: Huỷ | F5: Ngoài phạm vi Sprint 4; code training cũ (nhánh khoi) không còn trên remote
A6: 67 | B6: Training | C6: Xem kế hoạch và nhận xét (UC-TR-03) | D6: Bảo / Khôi | E6: Huỷ | F6: Ngoài phạm vi Sprint 4; code training cũ (nhánh khoi) không còn trên remote
A7: 68 | B7: Training | C7: Đánh dấu hoàn thành bài tập (UC-TR-03) | D7: Bảo / Khôi | E7: Huỷ | F7: Ngoài phạm vi Sprint 4; code training cũ (nhánh khoi) không còn trên remote
A8: 69 | B8: Training | C8: Gửi bài tập / thông báo cho học viên (UC-TR-04) | D8: Bảo / Khôi | E8: Huỷ | F8: Ngoài phạm vi Sprint 4; code training cũ (nhánh khoi) không còn trên remote
A9: 70 | B9: AI | C9: AI sinh bản nháp bài tập (UC-AI-01) | D9: Nhanh / Khôi | E9: Huỷ | F9: Nhóm không làm AI
A10: 71 | B10: AI | C10: Sửa / duyệt bản nháp AI (UC-AI-01) | D10: Nhanh / Khôi | E10: Huỷ | F10: Nhóm không làm AI
A11: 72 | B11: AI | C11: AI đánh giá tiến độ học viên (UC-AI-02) | D11: Nhanh / Khôi | E11: Huỷ | F11: Nhóm không làm AI
A12: 73 | B12: AI | C12: Quản lý nhà cung cấp và model AI (UC-AI-04) | D12: Nhanh / Khôi | E12: Huỷ | F12: Nhóm không làm AI
A13: 74 | B13: AI | C13: Gán model và prompt cho tính năng (UC-AI-05) | D13: Nhanh / Khôi | E13: Huỷ | F13: Nhóm không làm AI
A14: 75 | B14: AI | C14: Trợ lý hỏi đáp cho hội viên (UC-AI-03) | D14: Nhanh / Khôi | E14: Huỷ | F14: Nhóm không làm AI
A15: 76 | B15: AI | C15: Nhật ký và chi phí AI (UC-AI-06) | D15: Nhanh / Khôi | E15: Huỷ | F15: Nhóm không làm AI
