Workbook

Sheet Task Sprint 2
A1: SWP391 – TASK SHEET SPRINT 2 (06/10 → 19/10) – Flow 2 Class & Booking
A2: BE: Nhanh + Bảo · FE: Khôi + Khải · Business rule lấy từ SWP391_UCP_Sprint_Role_Split · ĐÃ HOÀN THÀNH 100% – mọi task Done, code đã merge vào main (chốt 14/10/2026)
A4: Task ID | B4: US | C4: Function / Screen | D4: Loại | E4: Người làm | F4: Level | G4: Business Rule | H4: Nhánh | I4: Bắt đầu | J4: Hạn | K4: Trạng thái | L4: Ghi chú
A5: S2-01 | B5: UC-CB-01 | C5: BE – Sửa danh sách bộ môn (màn 13): Manager tạo, đổi tên hoặc ngừng hoạt động bộ môn để sử dụng khi tạo lớp và phân loại lịch tập. | D5: BE | E5: Bảo | F5: Simple | G5: Tên bộ môn không trùng. Bộ môn đang có lớp OPEN không xoá cứng, chỉ chuyển ngừng hoạt động theo BR-2.12/BR-0.1; lớp và lịch cũ vẫn giữ tham chiếu. | H5: sprint-2/be-bao | I5: 06/10/2026 | J5: 19/10/2026 | K5: Done | L5: Đã xong, đã merge main
A6: S2-02 | B6: UC-CB-01 | C6: FE – Sửa danh sách bộ môn (màn 13): Manager tạo, đổi tên hoặc ngừng hoạt động bộ môn để sử dụng khi tạo lớp và phân loại lịch tập. | D6: FE | E6: Khải | F6: Simple | G6: Tên bộ môn không trùng. Bộ môn đang có lớp OPEN không xoá cứng, chỉ chuyển ngừng hoạt động theo BR-2.12/BR-0.1; lớp và lịch cũ vẫn giữ tham chiếu. | H6: sprint-2/fe-khai | I6: 06/10/2026 | J6: 19/10/2026 | K6: Done | L6: Đã xong, đã merge main
A7: S2-03 | B7: UC-CB-14 | C7: BE – Danh sách phòng tập (màn 13): hiển thị các phòng, sức chứa, trạng thái hoạt động và lớp đang được gán để phục vụ quản lý lịch. | D7: BE | E7: Bảo | F7: Simple | G7: Hiển thị phòng, sức chứa, trạng thái hoạt động và lớp đang gán; dữ liệu dùng để kiểm tra sức chứa và lịch. Phòng đã được tham chiếu không được làm mất khỏi lịch sử. | H7: sprint-2/be-bao | I7: 06/10/2026 | J7: 19/10/2026 | K7: Done | L7: Đã xong, đã merge main
A8: S2-04 | B8: UC-CB-14 | C8: FE – Danh sách phòng tập (màn 13): hiển thị các phòng, sức chứa, trạng thái hoạt động và lớp đang được gán để phục vụ quản lý lịch. | D8: FE | E8: Khải | F8: Simple | G8: Hiển thị phòng, sức chứa, trạng thái hoạt động và lớp đang gán; dữ liệu dùng để kiểm tra sức chứa và lịch. Phòng đã được tham chiếu không được làm mất khỏi lịch sử. | H8: sprint-2/fe-khai | I8: 06/10/2026 | J8: 19/10/2026 | K8: Done | L8: Đã xong, đã merge main
A9: S2-05 | B9: UC-CB-14 | C9: BE – Tạo / sửa / ngừng hoạt động phòng (màn 13): Manager tạo hoặc cập nhật phòng, sức chứa và trạng thái; hệ thống kiểm tra xung đột với lớp đã có. | D9: BE | E9: Bảo | F9: Medium | G9: Tên phòng không trùng, sức chứa phải lớn hơn 0. Phòng đang có lớp OPEN không được xoá, chỉ chuyển INACTIVE theo BR-2.12; không để sức chứa mới làm lớp hiện hữu vượt giới hạn theo BR-2.10 và ghi audit. | H9: sprint-2/be-bao | I9: 06/10/2026 | J9: 19/10/2026 | K9: Done | L9: Đã xong, đã merge main
A10: S2-06 | B10: UC-CB-14 | C10: FE – Tạo / sửa / ngừng hoạt động phòng (màn 13): Manager tạo hoặc cập nhật phòng, sức chứa và trạng thái; hệ thống kiểm tra xung đột với lớp đã có. | D10: FE | E10: Khải | F10: Medium | G10: Tên phòng không trùng, sức chứa phải lớn hơn 0. Phòng đang có lớp OPEN không được xoá, chỉ chuyển INACTIVE theo BR-2.12; không để sức chứa mới làm lớp hiện hữu vượt giới hạn theo BR-2.10 và ghi audit. | H10: sprint-2/fe-khai | I10: 06/10/2026 | J10: 19/10/2026 | K10: Done | L10: Đã xong, đã merge main
A11: S2-07 | B11: UC-CB-02 | C11: BE – Tạo lớp (màn 12): Manager nhập bộ môn, phòng, coach, sức chứa, khoảng ngày và lịch tuần; hệ thống kiểm tra dữ liệu rồi sinh các buổi học cụ thể. | D11: BE | E11: Bảo | F11: Medium | G11: BR-2.11: ngày kết thúc >= ngày bắt đầu, ít nhất một buổi/tuần, giờ kết thúc > giờ bắt đầu. BR-2.10: sức chứa lớp <= sức chứa phòng; coach phải ACTIVE; coach và phòng không trùng theo từng buổi BR-2.4/2.8; lịch tuần được dùng để sinh buổi cụ thể. | H11: sprint-2/be-bao | I11: 06/10/2026 | J11: 19/10/2026 | K11: Done | L11: Đã xong, đã merge main
A12: S2-08 | B12: UC-CB-02 | C12: FE – Tạo lớp (màn 12): Manager nhập bộ môn, phòng, coach, sức chứa, khoảng ngày và lịch tuần; hệ thống kiểm tra dữ liệu rồi sinh các buổi học cụ thể. | D12: FE | E12: Khải | F12: Medium | G12: BR-2.11: ngày kết thúc >= ngày bắt đầu, ít nhất một buổi/tuần, giờ kết thúc > giờ bắt đầu. BR-2.10: sức chứa lớp <= sức chứa phòng; coach phải ACTIVE; coach và phòng không trùng theo từng buổi BR-2.4/2.8; lịch tuần được dùng để sinh buổi cụ thể. | H12: sprint-2/fe-khai | I12: 06/10/2026 | J12: 19/10/2026 | K12: Done | L12: Đã xong, đã merge main
A13: S2-09 | B13: UC-CB-03 | C13: BE – Sửa lớp / đổi lịch (màn 12): Manager thay đổi thông tin lớp hoặc lịch buổi; hệ thống kiểm tra booking hiện có, xung đột mới và gửi thông báo cho hội viên bị ảnh hưởng. | D13: BE | E13: Bảo | F13: Medium | G13: Kiểm tra lại số hội viên đã đăng ký và toàn bộ buổi chưa diễn ra. Sức chứa mới không nhỏ hơn số đã đăng ký theo BR-2.9; lịch mới không xung đột; hội viên bị ảnh hưởng nhận thông báo và được tự huỷ miễn phí nếu phát sinh trùng, không tự động huỷ theo BR-2.7/2.15. | H13: sprint-2/be-bao | I13: 06/10/2026 | J13: 19/10/2026 | K13: Done | L13: Đã xong, đã merge main
A14: S2-10 | B14: UC-CB-03 | C14: FE – Sửa lớp / đổi lịch (màn 12): Manager thay đổi thông tin lớp hoặc lịch buổi; hệ thống kiểm tra booking hiện có, xung đột mới và gửi thông báo cho hội viên bị ảnh hưởng. | D14: FE | E14: Khải | F14: Medium | G14: Kiểm tra lại số hội viên đã đăng ký và toàn bộ buổi chưa diễn ra. Sức chứa mới không nhỏ hơn số đã đăng ký theo BR-2.9; lịch mới không xung đột; hội viên bị ảnh hưởng nhận thông báo và được tự huỷ miễn phí nếu phát sinh trùng, không tự động huỷ theo BR-2.7/2.15. | H14: sprint-2/fe-khai | I14: 06/10/2026 | J14: 19/10/2026 | K14: Done | L14: Đã xong, đã merge main
A15: S2-11 | B15: UC-CB-04 | C15: BE – Huỷ lớp (màn S25): Manager huỷ lớp hoặc các buổi chưa diễn ra, cập nhật trạng thái booking liên quan và thông báo cho hội viên đã đăng ký. | D15: BE | E15: Bảo | F15: Medium | G15: Chỉ huỷ buổi/lớp chưa diễn ra bằng đổi trạng thái, không xoá dữ liệu lịch sử theo BR-0.1. Booking liên quan được cập nhật theo policy, hội viên nhận thông báo và lớp đã huỷ không tiếp tục nhận đăng ký. | H15: sprint-2/be-bao | I15: 06/10/2026 | J15: 19/10/2026 | K15: Done | L15: Đã xong, đã merge main
... A39: S2-35 | B39: UC-CB-12 | C39: FE – Danh sách học viên của lớp (màn 11): coach phụ trách xem danh sách hội viên theo lớp/buổi, trạng thái đăng ký và thông tin tối thiểu phục vụ điểm danh. | D39: FE | E39: Khôi | F39: Medium | G39: Chỉ coach phụ trách hoặc role có permission được xem danh sách học viên của lớp. Chỉ hiển thị thông tin tối thiểu phục vụ điểm danh và không cho truy cập lớp ngoài phạm vi. | H39: sprint-2/fe-khoi | I39: 06/10/2026 | J39: 19/10/2026 | K39: Done | L39: Đã xong, đã merge main

Sheet Tổng hợp
A1: Tiến độ Sprint 2 theo thành viên
A3: Thành viên | B3: Vai | C3: Tổng task | D3: To Do | E3: In Progress | F3: Review | G3: Done | H3: % Done
A4: Nhanh | B4: BE · Leader | C4: =COUNTIF('Task Sprint 2'!$E$5:$E$60,A4) | D4: =COUNTIFS('Task Sprint 2'!$E$5:$E$60,$A4,'Task Sprint 2'!$K$5:$K$60,"To Do") | E4: =COUNTIFS('Task Sprint 2'!$E$5:$E$60,$A4,'Task Sprint 2'!$K$5:$K$60,"In Progress") | F4: =COUNTIFS('Task Sprint 2'!$E$5:$E$60,$A4,'Task Sprint 2'!$K$5:$K$60,"Review") | G4: =COUNTIFS('Task Sprint 2'!$E$5:$E$60,$A4,'Task Sprint 2'!$K$5:$K$60,"Done") | H4: =IF(C4=0,0,G4/C4)
A5: Bảo | B5: BE | C5: =COUNTIF('Task Sprint 2'!$E$5:$E$60,A5) | D5: =COUNTIFS('Task Sprint 2'!$E$5:$E$60,$A5,'Task Sprint 2'!$K$5:$K$60,"To Do") | E5: =COUNTIFS('Task Sprint 2'!$E$5:$E$60,$A5,'Task Sprint 2'!$K$5:$K$60,"In Progress") | F5: =COUNTIFS('Task Sprint 2'!$E$5:$E$60,$A5,'Task Sprint 2'!$K$5:$K$60,"Review") | G5: =COUNTIFS('Task Sprint 2'!$E$5:$E$60,$A5,'Task Sprint 2'!$K$5:$K$60,"Done") | H5: =IF(C5=0,0,G5/C5)
A6: Khôi | B6: FE | C6: =COUNTIF('Task Sprint 2'!$E$5:$E$60,A6) | D6: =COUNTIFS('Task Sprint 2'!$E$5:$E$60,$A6,'Task Sprint 2'!$K$5:$K$60,"To Do") | E6: =COUNTIFS('Task Sprint 2'!$E$5:$E$60,$A6,'Task Sprint 2'!$K$5:$K$60,"In Progress") | F6: =COUNTIFS('Task Sprint 2'!$E$5:$E$60,$A6,'Task Sprint 2'!$K$5:$K$60,"Review") | G6: =COUNTIFS('Task Sprint 2'!$E$5:$E$60,$A6,'Task Sprint 2'!$K$5:$K$60,"Done") | H6: =IF(C6=0,0,G6/C6)
A7: Khải | B7: FE | C7: =COUNTIF('Task Sprint 2'!$E$5:$E$60,A7) | D7: =COUNTIFS('Task Sprint 2'!$E$5:$E$60,$A7,'Task Sprint 2'!$K$5:$K$60,"To Do") | E7: =COUNTIFS('Task Sprint 2'!$E$5:$E$60,$A7,'Task Sprint 2'!$K$5:$K$60,"In Progress") | F7: =COUNTIFS('Task Sprint 2'!$E$5:$E$60,$A7,'Task Sprint 2'!$K$5:$K$60,"Review") | G7: =COUNTIFS('Task Sprint 2'!$E$5:$E$60,$A7,'Task Sprint 2'!$K$5:$K$60,"Done") | H7: =IF(C7=0,0,G7/C7)
A8: Tổng | C8: =SUM(C4:C7) | D8: =SUM(D4:D7) | E8: =SUM(E4:E7) | F8: =SUM(F4:F7) | G8: =SUM(G4:G7) | H8: =IF(C8=0,0,G8/C8)
A10: Demo main flow Sprint 2 (Review 2):
A11: 1. Manager tạo bộ môn, phòng tập → tạo lớp (buổi sinh tự động từ lịch tuần)
A12: 2. Hội viên xem lớp đang mở → đăng ký lớp (không trùng giờ, không quá sức chứa)
A13: 3. Hội viên huỷ đăng ký (trước buổi kế tiếp ≥ 12 giờ) → xem lịch tập cá nhân
A14: 4. Lễ tân đăng ký / huỷ lớp hộ hội viên
A15: 5. Manager sửa lịch / huỷ lớp → hội viên đã đăng ký nhận thông báo
A16: 6. Coach xem lịch dạy và danh sách học viên của lớp

Sheet Ngoài kế hoạch
A1: VIỆC THÊM THEO GÓP Ý GIẢNG VIÊN – KHÔNG THUỘC SPRINT PLAN, KHÔNG TÍNH VÀO TỔNG HỢP
A2: Gửi mail xác minh bằng SMTP miễn phí (nodemailer): Mailtrap Sandbox khi dev, Brevo/Gmail SMTP khi demo. Người làm là đề xuất, nhóm chốt lại.
A4: Task ID | B4: Loại | C4: Việc | D4: Người làm (đề xuất) | E4: Trạng thái | F4: Ghi chú
A5: X-01 | B5: BE | C5: Mailer dùng chung (nodemailer, đọc MAIL_* từ .env) | D5: Nhanh | E5: Review | F5: Đã làm: gửi mail qua MAIL_* trong .env (dùng chung cho đặt lại mật khẩu, xác minh, đổi email). Xem Task Sprint 3 S3-01
A6: X-02 | B6: BE | C6: Gửi link xác minh sau đăng ký (token băm, dùng 1 lần, hạn đọc từ system_settings) | D6: Nhanh | E6: Review | F6: Đã làm. Xem Task Sprint 3 S3-28
A7: X-03 | B7: BE | C7: API verify-email, resend-verification (giới hạn tần suất) | D7: Nhanh | E7: Review | F7: Đã làm (có giới hạn tần suất). Xem Task Sprint 3 S3-28
A8: X-04 | B8: BE | C8: Cột email_verified_at + chặn đăng ký lớp/mua gói khi chưa xác minh | D8: Nhanh | E8: Review | F8: Đã chốt: chặn đăng nhập khi chưa xác minh (403 EMAIL_NOT_VERIFIED). Xem Task Sprint 3 S3-28
A9: X-05 | B9: FE | C9: Trang /verify-email, banner chưa xác minh, nút gửi lại | D9: Khôi | E9: Review | F9: Đã làm. Xem Task Sprint 3 S3-29
