Workbook

Sheet Task Sprint 1
A1: SWP391 – TASK SHEET SPRINT 1 (21/09 → 05/10)
A2: BE: Nhanh + Bảo · FE: Khôi + Khải · Business rule lấy từ BUSINESS RULES – TỔNG HỢP · ĐÃ HOÀN THÀNH 100% – mọi task Done, code đã merge vào main (chốt 14/10/2026)
A4: Task ID | B4: US | C4: Function / Screen | D4: Loại | E4: Người làm | F4: Level | G4: Business Rule | H4: Nhánh | I4: Bắt đầu | J4: Hạn | K4: Trạng thái | L4: Ghi chú
A5: S1-01 | B5: UC-UM-11 | C5: BE – Đăng nhập (màn 1): người dùng nhập email hoặc số điện thoại và mật khẩu; hệ thống xác thực tài khoản, kiểm tra trạng thái và tạo phiên truy cập theo quyền được cấp. | D5: BE | E5: Nhanh | F5: Simple | G5: BR-1.9: tài khoản bị khoá không đăng nhập được và phiên/token cũ bị từ chối ở request kế tiếp. Email/SĐT được chuẩn hoá theo BR-1.10; sai thông tin trả thông báo chung, không làm lộ tài khoản. Token hết hạn trả 401; thao tác quan trọng ghi audit theo BR-0.2. | H5: sprint-1/be-nhanh | I5: 21/09/2026 | J5: 05/10/2026 | K5: Done | L5: Đã xong, đã merge main
A6: S1-02 | B6: UC-UM-11 | C6: FE – Đăng nhập (màn 1): người dùng nhập email hoặc số điện thoại và mật khẩu; hệ thống xác thực tài khoản, kiểm tra trạng thái và tạo phiên truy cập theo quyền được cấp. | D6: FE | E6: Khôi | F6: Simple | G6: BR-1.9: tài khoản bị khoá không đăng nhập được và phiên/token cũ bị từ chối ở request kế tiếp. Email/SĐT được chuẩn hoá theo BR-1.10; sai thông tin trả thông báo chung, không làm lộ tài khoản. Token hết hạn trả 401; thao tác quan trọng ghi audit theo BR-0.2. | H6: sprint-1/fe-khoi | I6: 21/09/2026 | J6: 05/10/2026 | K6: Done | L6: Đã xong, đã merge main
A7: S1-03 | B7: UC-UM-11 | C7: BE – Đăng xuất / nạp quyền (màn 2): kết thúc phiên hiện tại và nạp role/permission hiện hành để màn hình/API quyết định thao tác được phép. | D7: BE | E7: Nhanh | F7: Simple | G7: Role/permission phải đọc từ DB hoặc cache theo request, không hard-code trong token. Quyền bị thu hồi có hiệu lực ở request kế tiếp và trả 403; logout phải kết thúc phiên hiện tại, không giữ quyền sau khi đăng xuất. | H7: sprint-1/be-nhanh | I7: 21/09/2026 | J7: 05/10/2026 | K7: Done | L7: Đã xong, đã merge main
A8: S1-04 | B8: UC-UM-11 | C8: FE – Đăng xuất / nạp quyền (màn 2): kết thúc phiên hiện tại và nạp role/permission hiện hành để màn hình/API quyết định thao tác được phép. | D8: FE | E8: Khôi | F8: Simple | G8: Role/permission phải đọc từ DB hoặc cache theo request, không hard-code trong token. Quyền bị thu hồi có hiệu lực ở request kế tiếp và trả 403; logout phải kết thúc phiên hiện tại, không giữ quyền sau khi đăng xuất. | H8: sprint-1/fe-khoi | I8: 21/09/2026 | J8: 05/10/2026 | K8: Done | L8: Đã xong, đã merge main
A9: S1-05 | B9: UC-UM-09 | C9: BE – Danh sách tài khoản (màn 8): người có quyền quản trị xem, tìm và lọc tài khoản theo tên, email/SĐT, role và trạng thái ACTIVE/LOCKED. | D9: BE | E9: Nhanh | F9: Simple | G9: Chỉ người có permission user.read/user.manage được xem. Hiển thị tên, email/SĐT đã chuẩn hoá, role và trạng thái ACTIVE/LOCKED; tài khoản đã phát sinh dữ liệu không được xoá cứng, thay đổi quan trọng ghi audit theo BR-0.1/0.2. | H9: sprint-1/be-nhanh | I9: 21/09/2026 | J9: 05/10/2026 | K9: Done | L9: Đã xong, đã merge main
A10: S1-06 | B10: UC-UM-09 | C10: FE – Danh sách tài khoản (màn 8): người có quyền quản trị xem, tìm và lọc tài khoản theo tên, email/SĐT, role và trạng thái ACTIVE/LOCKED. | D10: FE | E10: Khôi | F10: Simple | G10: Chỉ người có permission user.read/user.manage được xem. Hiển thị tên, email/SĐT đã chuẩn hoá, role và trạng thái ACTIVE/LOCKED; tài khoản đã phát sinh dữ liệu không được xoá cứng, thay đổi quan trọng ghi audit theo BR-0.1/0.2. | H10: sprint-1/fe-khoi | I10: 21/09/2026 | J10: 05/10/2026 | K10: Done | L10: Đã xong, đã merge main
A11: S1-07 | B11: UC-UM-09 | C11: BE – Tạo tài khoản nhân viên (màn 8): Manager nhập thông tin nhân viên, tạo tài khoản và gán role phù hợp để nhân viên có thể đăng nhập và sử dụng chức năng được cấp. | D11: BE | E11: Nhanh | F11: Simple | G11: BR-1.1/1.10: email và SĐT duy nhất, email chuẩn hoá, SĐT đúng định dạng Việt Nam. Chỉ Manager tạo tài khoản nhân viên và gán role hợp lệ; tài khoản nhân viên không được tự cấp quyền; dữ liệu đăng nhập phải được xử lý an toàn. | H11: sprint-1/be-nhanh | I11: 21/09/2026 | J11: 05/10/2026 | K11: Done | L11: Đã xong, đã merge main
A12: S1-08 | B12: UC-UM-09 | C12: FE – Tạo tài khoản nhân viên (màn 8): Manager nhập thông tin nhân viên, tạo tài khoản và gán role phù hợp để nhân viên có thể đăng nhập và sử dụng chức năng được cấp. | D12: FE | E12: Khôi | F12: Simple | G12: BR-1.1/1.10: email và SĐT duy nhất, email chuẩn hoá, SĐT đúng định dạng Việt Nam. Chỉ Manager tạo tài khoản nhân viên và gán role hợp lệ; tài khoản nhân viên không được tự cấp quyền; dữ liệu đăng nhập phải được xử lý an toàn. | H12: sprint-1/fe-khoi | I12: 21/09/2026 | J12: 05/10/2026 | K12: Done | L12: Đã xong, đã merge main
A13: S1-09 | B13: UC-UM-09 | C13: BE – Khoá / đổi role tài khoản (màn 8): Manager khoá/mở khoá tài khoản hoặc thay đổi role; hệ thống cập nhật quyền và trạng thái truy cập của tài khoản. | D13: BE | E13: Nhanh | F13: Medium | G13: Chỉ Manager có quyền và không được tự khoá/đổi role chính mình. BR-1.9: khoá tài khoản thì request sau bị từ chối; coach đang dạy lớp OPEN phải chuyển lớp trước theo BR-2.13; không xoá cứng và phải ghi audit người thực hiện, thời điểm, thay đổi theo BR-0.1/0.2. | H13: sprint-1/be-nhanh | I13: 21/09/2026 | J13: 05/10/2026 | K13: Done | L13: Đã xong, đã merge main
A14: S1-10 | B14: UC-UM-09 | C14: FE – Khoá / đổi role tài khoản (màn 8): Manager khoá/mở khoá tài khoản hoặc thay đổi role; hệ thống cập nhật quyền và trạng thái truy cập của tài khoản. | D14: FE | E14: Khôi | F14: Medium | G14: Chỉ Manager có quyền và không được tự khoá/đổi role chính mình. BR-1.9: khoá tài khoản thì request sau bị từ chối; coach đang dạy lớp OPEN phải chuyển lớp trước theo BR-2.13; không xoá cứng và phải ghi audit người thực hiện, thời điểm, thay đổi theo BR-0.1/0.2. | H14: sprint-1/fe-khoi | I14: 21/09/2026 | J14: 05/10/2026 | K14: Done | L14: Đã xong, đã merge main
A15: S1-11 | B15: UC-UM-18 | C15: BE – Danh sách role và ma trận quyền (màn 8): hiển thị các role, permission thuộc từng role và role mặc định dùng cho đăng ký tài khoản mới. | D15: BE | E15: Nhanh | F15: Simple | G15: Chỉ Manager hoặc permission role.read được xem ma trận. Ma trận phải phản ánh role/permission đang lưu và role mặc định hiện hành; quyền bị thu hồi có hiệu lực ở request kế tiếp. | H15: sprint-1/be-nhanh | I15: 21/09/2026 | J15: 05/10/2026 | K15: Done | L15: Đã xong, đã merge main
... A60: S1-56 | B60: UC-PAY-10 | C60: FE – Chi tiết hoá đơn (màn S30): hiển thị toàn bộ thông tin hoá đơn, trạng thái, dòng gói, số tiền yêu cầu/thực nhận và payment liên quan theo quyền truy cập. | D60: FE | E60: Khôi | F60: Simple | G60: Hiển thị mã, trạng thái Pending/Paid/Failed/Refunded, dòng gói, số tiền yêu cầu/thực nhận, thời điểm và payment liên quan. Chỉ chủ hoá đơn hoặc người có permission được xem; không sửa số tiền và giữ lịch sử theo BR-3.1. | H60: sprint-1/fe-khoi | I60: 21/09/2026 | J60: 05/10/2026 | K60: Done | L60: Đã xong, đã merge main

Sheet Tổng hợp
A1: Tiến độ Sprint 1 theo thành viên
A3: Thành viên | B3: Vai | C3: Tổng task | D3: To Do | E3: In Progress | F3: Review | G3: Done | H3: % Done
A4: Nhanh | B4: BE · Leader | C4: =COUNTIF('Task Sprint 1'!$E$5:$E$60,A4) | D4: =COUNTIFS('Task Sprint 1'!$E$5:$E$60,$A4,'Task Sprint 1'!$K$5:$K$60,"To Do") | E4: =COUNTIFS('Task Sprint 1'!$E$5:$E$60,$A4,'Task Sprint 1'!$K$5:$K$60,"In Progress") | F4: =COUNTIFS('Task Sprint 1'!$E$5:$E$60,$A4,'Task Sprint 1'!$K$5:$K$60,"Review") | G4: =COUNTIFS('Task Sprint 1'!$E$5:$E$60,$A4,'Task Sprint 1'!$K$5:$K$60,"Done") | H4: =IF(C4=0,0,G4/C4)
A5: Bảo | B5: BE | C5: =COUNTIF('Task Sprint 1'!$E$5:$E$60,A5) | D5: =COUNTIFS('Task Sprint 1'!$E$5:$E$60,$A5,'Task Sprint 1'!$K$5:$K$60,"To Do") | E5: =COUNTIFS('Task Sprint 1'!$E$5:$E$60,$A5,'Task Sprint 1'!$K$5:$K$60,"In Progress") | F5: =COUNTIFS('Task Sprint 1'!$E$5:$E$60,$A5,'Task Sprint 1'!$K$5:$K$60,"Review") | G5: =COUNTIFS('Task Sprint 1'!$E$5:$E$60,$A5,'Task Sprint 1'!$K$5:$K$60,"Done") | H5: =IF(C5=0,0,G5/C5)
A6: Khôi | B6: FE | C6: =COUNTIF('Task Sprint 1'!$E$5:$E$60,A6) | D6: =COUNTIFS('Task Sprint 1'!$E$5:$E$60,$A6,'Task Sprint 1'!$K$5:$K$60,"To Do") | E6: =COUNTIFS('Task Sprint 1'!$E$5:$E$60,$A6,'Task Sprint 1'!$K$5:$K$60,"In Progress") | F6: =COUNTIFS('Task Sprint 1'!$E$5:$E$60,$A6,'Task Sprint 1'!$K$5:$K$60,"Review") | G6: =COUNTIFS('Task Sprint 1'!$E$5:$E$60,$A6,'Task Sprint 1'!$K$5:$K$60,"Done") | H6: =IF(C6=0,0,G6/C6)
A7: Khải | B7: FE | C7: =COUNTIF('Task Sprint 1'!$E$5:$E$60,A7) | D7: =COUNTIFS('Task Sprint 1'!$E$5:$E$60,$A7,'Task Sprint 1'!$K$5:$K$60,"To Do") | E7: =COUNTIFS('Task Sprint 1'!$E$5:$E$60,$A7,'Task Sprint 1'!$K$5:$K$60,"In Progress") | F7: =COUNTIFS('Task Sprint 1'!$E$5:$E$60,$A7,'Task Sprint 1'!$K$5:$K$60,"Review") | G7: =COUNTIFS('Task Sprint 1'!$E$5:$E$60,$A7,'Task Sprint 1'!$K$5:$K$60,"Done") | H7: =IF(C7=0,0,G7/C7)
A8: Tổng | C8: =SUM(C4:C7) | D8: =SUM(D4:D7) | E8: =SUM(E4:E7) | F8: =SUM(F4:F7) | G8: =SUM(G4:G7) | H8: =IF(C8=0,0,G8/C8)
A10: Demo main flow Sprint 1 (Review 1):
A11: 1. Đăng ký tài khoản → đăng nhập
A12: 2. Xem / cập nhật hồ sơ, đổi mật khẩu
A13: 3. Lễ tân đăng ký hội viên tại quầy → tìm kiếm → xem chi tiết
A14: 4. Manager tạo gói tập → lễ tân mua gói hộ hội viên tại quầy
A15: 5. Thu tiền tại quầy → hoá đơn PAID → membership kích hoạt → in / PDF hoá đơn
A16: 6. Hội viên nhận thông báo, xem gói hiện tại
