Workbook

Sheet Task Sprint 3
A1: SWP391 – TASK SHEET SPRINT 3 (20/10 → 02/11) – Flow 3 Payment & Report + SePay đối soát, làm sâu ngoại lệ Flow 1, 2, điểm danh, sửa UI
A2: BE: Nhanh (SePay) + Bảo · FE: Khôi + Khải (Khải nhiều UI nhất) · chia lại 14/10/2026 để Bảo, Khôi, Khải làm nhiều hơn · Business rule theo SWP391_UCP_Sprint_Role_Split · task Review có nhánh feature/f3-sepay-online-payment là Nhanh đã làm trước (PR #3) · UI-F1/UI-F2 là task sửa giao diện từ rà soát ảnh chụp 14/10
A4: Task ID | B4: US | C4: Function / Screen | D4: Loại | E4: Người làm | F4: Level | G4: Business Rule | H4: Nhánh | I4: Bắt đầu | J4: Hạn | K4: Trạng thái | L4: Ghi chú
A5: S3-01 | B5: UC-UM-12 | C5: BE – Gửi link đặt lại mật khẩu (màn S19): người dùng nhập email yêu cầu reset; hệ thống tạo link một lần và gửi thông báo mà không tiết lộ email có tồn tại hay không. | D5: BE | E5: Nhanh | F5: Medium | G5: Token reset là token một lần, hết hạn sau 15 phút theo BR-1.7. Hệ thống luôn trả thông báo chung kiểu “nếu email tồn tại đã gửi” để không dò tài khoản; không ghi token thô vào log. | H5: feature/f3-sepay-online-payment | I5: 20/10/2026 | J5: 02/11/2026 | K5: Review | L5: Kế hoạch: BE Bảo. Nhanh đã làm trước ở sprint bổ sung. Đã xong 14/10/2026, nằm trong PR #3 chờ review
A6: S3-02 | B6: UC-UM-12 | C6: FE – Gửi link đặt lại mật khẩu (màn S19): người dùng nhập email yêu cầu reset; hệ thống tạo link một lần và gửi thông báo mà không tiết lộ email có tồn tại hay không. | D6: FE | E6: Nhanh | F6: Medium | G6: Token reset là token một lần, hết hạn sau 15 phút theo BR-1.7. Hệ thống luôn trả thông báo chung kiểu “nếu email tồn tại đã gửi” để không dò tài khoản; không ghi token thô vào log. | H6: feature/f3-sepay-online-payment | I6: 20/10/2026 | J6: 02/11/2026 | K6: Review | L6: Kế hoạch: FE Khôi. Nhanh đã làm trước ở sprint bổ sung. Đã xong 14/10/2026, nằm trong PR #3 chờ review
A7: S3-03 | B7: UC-UM-12 | C7: BE – Đặt lại mật khẩu (màn S19): người dùng mở link còn hiệu lực và nhập mật khẩu mới; hệ thống xác nhận token trước khi cập nhật mật khẩu. | D7: BE | E7: Nhanh | F7: Medium | G7: Token phải còn hạn và chưa dùng; mật khẩu mới tối thiểu 8 ký tự và lưu mã hoá. Token sai/hết hạn/đã dùng bị từ chối; không lộ thông tin tài khoản. | H7: feature/f3-sepay-online-payment | I7: 20/10/2026 | J7: 02/11/2026 | K7: Review | L7: Kế hoạch: BE Bảo. Nhanh đã làm trước ở sprint bổ sung. Đã xong 14/10/2026, nằm trong PR #3 chờ review
A8: S3-04 | B8: UC-UM-12 | C8: FE – Đặt lại mật khẩu (màn S19): người dùng mở link còn hiệu lực và nhập mật khẩu mới; hệ thống xác nhận token trước khi cập nhật mật khẩu. | D8: FE | E8: Nhanh | F8: Medium | G8: Token phải còn hạn và chưa dùng; mật khẩu mới tối thiểu 8 ký tự và lưu mã hoá. Token sai/hết hạn/đã dùng bị từ chối; không lộ thông tin tài khoản. | H8: feature/f3-sepay-online-payment | I8: 20/10/2026 | J8: 02/11/2026 | K8: Review | L8: Kế hoạch: FE Khôi. Nhanh đã làm trước ở sprint bổ sung. Đã xong 14/10/2026, nằm trong PR #3 chờ review
A9: S3-05 | B9: UC-UM-04 | C9: BE – Chọn gói, tạo hoá đơn (online) (màn 14): Member chọn gói đang bán; hệ thống tạo hoặc tái sử dụng hoá đơn PENDING, sinh mã/QR và bắt đầu thời gian chờ thanh toán. | D9: BE | E9: Nhanh | F9: Medium | G9: BR-1.6: chỉ gói SELLING; BR-1.13/BR-PAY-12: mỗi member tối đa một invoice PENDING cho cùng gói và tái sử dụng invoice còn hạn. Mã invoice do server sinh duy nhất theo BR-PAY-01; timeout mặc định 15 phút theo BR-3.4. | H9: feature/f3-sepay-online-payment | I9: 20/10/2026 | J9: 02/11/2026 | K9: Review | L9: Nhanh đã làm ở sprint bổ sung. Đã xong 14/10/2026, nằm trong PR #3 chờ review
A10: S3-06 | B10: UC-UM-04 | C10: FE – Chọn gói, tạo hoá đơn (online) (màn 14): Member chọn gói đang bán; hệ thống tạo hoặc tái sử dụng hoá đơn PENDING, sinh mã/QR và bắt đầu thời gian chờ thanh toán. | D10: FE | E10: Nhanh | F10: Medium | G10: BR-1.6: chỉ gói SELLING; BR-1.13/BR-PAY-12: mỗi member tối đa một invoice PENDING cho cùng gói và tái sử dụng invoice còn hạn. Mã invoice do server sinh duy nhất theo BR-PAY-01; timeout mặc định 15 phút theo BR-3.4. | H10: feature/f3-sepay-online-payment | I10: 20/10/2026 | J10: 02/11/2026 | K10: Review | L10: Kế hoạch: FE Khải. Nhanh đã làm trước ở sprint bổ sung. Đã xong 14/10/2026, nằm trong PR #3 chờ review
A11: S3-07 | B11: UC-UM-10 | C11: BE – Job nhắc gia hạn: job định kỳ tìm membership sắp hết hạn và tạo thông báo nhắc gia hạn theo số ngày được cấu hình. Bổ sung: cùng job chuyển membership quá hạn sang EXPIRED và gửi thông báo "gói đã hết hạn" kèm nút gia hạn. | D11: BE | E11: Bảo | F11: Medium | G11: Số ngày nhắc lấy từ cấu hình. Mỗi membership chỉ được nhắc một lần; bỏ qua nếu hội viên đã gia hạn hoặc gói đã hết hạn theo BR-1.11. Job chạy theo ngày lịch và múi giờ Việt Nam, có log để chống gửi trùng. | H11: sprint-3/be-bao | I11: 20/10/2026 | J11: 02/11/2026 | K11: Review | L11: Mở rộng 14/10: cùng job chuyển membership quá hạn sang EXPIRED và gửi thông báo hết hạn. notification.service đã có dedupeKey.
A12: S3-08 | B12: UC-UM-15 | C12: BE – Xem nhật ký thao tác (màn S28): Manager tra cứu các thao tác quan trọng theo người thực hiện, thời gian, đối tượng và nội dung thay đổi. | D12: BE | E12: Khải | F12: Simple | G12: Manager tra cứu người thực hiện, thời điểm, đối tượng và nội dung thay đổi; audit log chỉ đọc. BR-0.2 yêu cầu ghi tạo/sửa/xoá mềm/đổi role/khoá/thu tiền/hoàn tiền/đổi cấu hình; audit log không bao giờ xoá theo BR-0.1. | H12: sprint-3/be-khai | I12: 20/10/2026 | J12: 02/11/2026 | K12: To Do | L12: Chia lại 14/10: chuyển BE từ Bảo sang Khải (full-stack, chức năng chỉ đọc; Bảo review).
A13: S3-09 | B13: UC-UM-15 | C13: FE – Xem nhật ký thao tác (màn S28): Manager tra cứu các thao tác quan trọng theo người thực hiện, thời gian, đối tượng và nội dung thay đổi. | D13: FE | E13: Khải | F13: Simple | G13: Manager tra cứu người thực hiện, thời điểm, đối tượng và nội dung thay đổi; audit log chỉ đọc. BR-0.2 yêu cầu ghi tạo/sửa/xoá mềm/đổi role/khoá/thu tiền/hoàn tiền/đổi cấu hình; audit log không bao giờ xoá theo BR-0.1. | H13: sprint-3/fe-khai | I13: 20/10/2026 | J13: 02/11/2026 | K13: To Do | L13: audit_logs đã được ghi ở hoá đơn, lớp, đăng ký; còn thiếu API đọc và màn xem
A14: S3-10 | B14: UC-CB-18 | C14: BE – Đổi giờ một buổi (màn S26): Manager đổi thời gian của một buổi chưa diễn ra; hệ thống kiểm tra xung đột và thông báo cho hội viên đang đăng ký. | D14: BE | E14: Bảo | F14: Medium | G14: Chỉ đổi buổi chưa diễn ra; lịch mới không trùng coach/phòng theo BR-2.4/2.8. Hội viên đang đăng ký nhận thông báo; nếu phát sinh trùng với booking khác thì chỉ cảnh báo và cho tự huỷ miễn phí, không tự huỷ theo BR-2.7/2.15. | H14: sprint-3/be-bao | I14: 20/10/2026 | J14: 02/11/2026 | K14: Review
A15: S3-11 | B15: UC-CB-18 | C15: FE – Đổi giờ một buổi (màn S26): Manager đổi thời gian của một buổi chưa diễn ra; hệ thống kiểm tra xung đột và thông báo cho hội viên đang đăng ký. | D15: FE | E15: Khôi | F15: Medium | G15: Chỉ đổi buổi chưa diễn ra; lịch mới không trùng coach/phòng theo BR-2.4/2.8. Hội viên đang đăng ký nhận thông báo; nếu phát sinh trùng với booking khác thì chỉ cảnh báo và cho tự huỷ miễn phí, không tự huỷ theo BR-2.7/2.15. | H15: sprint-3/fe-khoi | I15: 20/10/2026 | J15: 02/11/2026 | K15: Review | L15: Rà soát UI 14/10 (a-13): bảng "Các buổi học" chưa có cột thao tác, chưa có API từng buổi; làm cùng F2-08.
A16: S3-12 | B16: UC-CB-18 | C16: BE – Huỷ một buổi (màn S26): Manager/job huỷ một buổi chưa diễn ra, giữ lại lịch sử, ngăn điểm danh và thông báo cho hội viên bị ảnh hưởng. | D16: BE | E16: Bảo | F16: Medium | G16: Chuyển buổi sang CANCELLED nhưng giữ bản ghi lịch sử và không cho điểm danh. Gửi một thông báo cho tất cả hội viên đang đăng ký; không xoá cứng theo BR-0.1 và không gửi trùng theo BR-2.7. | H16: sprint-3/be-bao | I16: 20/10/2026 | J16: 02/11/2026 | K16: Review
A17: S3-13 | B17: UC-CB-18 | C17: FE – Huỷ một buổi (màn S26): Manager/job huỷ một buổi chưa diễn ra, giữ lại lịch sử, ngăn điểm danh và thông báo cho hội viên bị ảnh hưởng. | D17: FE | E17: Khôi | F17: Medium | G17: Chuyển buổi sang CANCELLED nhưng giữ bản ghi lịch sử và không cho điểm danh. Gửi một thông báo cho tất cả hội viên đang đăng ký; không xoá cứng theo BR-0.1 và không gửi trùng theo BR-2.7. | H17: sprint-3/fe-khoi | I17: 20/10/2026 | J17: 02/11/2026 | K17: Review | L17: Rà soát UI 14/10 (a-13): thêm nút "Huỷ buổi" kèm lý do và cảnh báo "sẽ thông báo N hội viên".
A18: S3-14 | B18: UC-PAY-01 | C18: BE – Màn QR và theo dõi trạng thái (màn 15): Member xem QR, nội dung chuyển khoản, trạng thái và đồng hồ hết hạn của hoá đơn online. | D18: BE | E18: Nhanh | F18: Medium | G18: Nội dung chuyển khoản phải chứa mã invoice theo BR-3.3; trạng thái theo BR-3.1 và timeout lấy từ cấu hình. Chỉ chủ invoice được xem/huỷ khi còn PENDING; hết hạn thì chờ job chuyển FAILED. | H18: feature/f3-sepay-online-payment | I18: 20/10/2026 | J18: 02/11/2026 | K18: Review | L18: Nhanh đã làm ở sprint bổ sung. Đã xong 14/10/2026, nằm trong PR #3 chờ review
A19: S3-15 | B19: UC-PAY-01 | C19: FE – Màn QR và theo dõi trạng thái (màn 15): Member xem QR, nội dung chuyển khoản, trạng thái và đồng hồ hết hạn của hoá đơn online. | D19: FE | E19: Nhanh | F19: Medium | G19: Nội dung chuyển khoản phải chứa mã invoice theo BR-3.3; trạng thái theo BR-3.1 và timeout lấy từ cấu hình. Chỉ chủ invoice được xem/huỷ khi còn PENDING; hết hạn thì chờ job chuyển FAILED. | H19: feature/f3-sepay-online-payment | I19: 20/10/2026 | J19: 02/11/2026 | K19: Review | L19: Kế hoạch: FE Khải. Nhanh đã làm trước ở sprint bổ sung. Đã xong 14/10/2026, nằm trong PR #3 chờ review
A20: S3-16 | B20: UC-PAY-02 | C20: BE – Xử lý webhook SePay: backend nhận giao dịch, xác thực chữ ký/API key, bóc mã hoá đơn, kiểm tra số tiền và cập nhật payment/invoice một cách idempotent. | D20: BE | E20: Nhanh | F20: Medium | G20: Phải xác thực Authorization bằng SEPAY_WEBHOOK_API_KEY; bóc mã từ code, nếu rỗng thì dùng regex trên content. Chỉ transferType=in và số tiền khớp tuyệt đối mới PAID/kích hoạt; giao dịch trùng idempotent, lệch tiền hoặc invoice không hợp lệ vào hàng chờ; log raw đã che secret và chỉ trả 200 sau commit theo BR-PAY-02 đến BR-PAY-10. | H20: feature/f3-sepay-online-payment | I20: 20/10/2026 | J20: 02/11/2026 | K20: Review | L20: Nhanh đã làm ở sprint bổ sung. Đã xong 14/10/2026, nằm trong PR #3 chờ review
A21: S3-17 | B21: UC-PAY-04 | C21: BE – Job hết hạn hoá đơn: job định kỳ tìm hoá đơn online PENDING quá thời gian chờ và chuyển sang FAILED nếu trạng thái vẫn còn PENDING. | D21: BE | E21: Nhanh | F21: Medium | G21: Chỉ chuyển invoice PENDING quá timeout cấu hình, mặc định 15 phút, sang FAILED. Webhook đến sau hoặc chuyển lặp không bị nuốt mà vào hàng chờ với lý do LATE/ALREADY_PROCESSED theo BR-3.4/BR-PAY-08. | H21: sprint-3/be-nhanh | I21: 20/10/2026 | J21: 02/11/2026 | K21: Review | L21: BE xong 14/10/2026 trên sprint-3/be-nhanh, 143 test BE pass; chờ review/merge
A22: S3-18 | B22: UC-PAY-05 | C22: BE – Xác nhận thanh toán thủ công (màn S29): Manager nhập mã tham chiếu và số tiền thực nhận để xác nhận khoản tiền ngoài webhook rồi cập nhật payment. Màn này là "Hàng chờ đối soát" chung cho mọi giao dịch SePay không tự khớp (xem #88–#94). | D22: BE | E22: Nhanh | F22: Medium | G22: Manager nhập mã tham chiếu và số tiền thực nhận; invoice phải ở trạng thái phù hợp và thao tác phải idempotent. Chỉ PAID mới kích hoạt/gia hạn; ghi lý do, người duyệt và audit; trạng thái đã đổi trả 409 theo BR-3.2/BR-PAY-07/13. | H22: sprint-3/be-nhanh | I22: 20/10/2026 | J22: 02/11/2026 | K22: Review | L22: BE xong 14/10/2026 trên sprint-3/be-nhanh, 143 test BE pass; chờ review/merge
A23: S3-19 | B23: UC-PAY-05 | C23: FE – Xác nhận thanh toán thủ công (màn S29): Manager nhập mã tham chiếu và số tiền thực nhận để xác nhận khoản tiền ngoài webhook rồi cập nhật payment. Màn này là "Hàng chờ đối soát" chung cho mọi giao dịch SePay không tự khớp (xem #88–#94). | D23: FE | E23: Khải | F23: Medium | G23: Manager nhập mã tham chiếu và số tiền thực nhận; invoice phải ở trạng thái phù hợp và thao tác phải idempotent. Chỉ PAID mới kích hoạt/gia hạn; ghi lý do, người duyệt và audit; trạng thái đã đổi trả 409 theo BR-3.2/BR-PAY-07/13. | H23: sprint-3/fe-khai | I23: 20/10/2026 | J23: 02/11/2026 | K23: To Do | L23: Mở rộng 14/10: đây là màn "Hàng chờ đối soát" chung; các màn #88, #90–92 mở từ đây.
A24: S3-20 | B24: UC-PAY-08 | C24: BE – Lịch sử giao dịch (màn 18): hội viên hoặc nhân viên xem danh sách invoice/payment trong phạm vi quyền, trạng thái và khả năng tiếp tục thanh toán. | D24: BE | E24: Nhanh | F24: Simple | G24: Member chỉ thấy giao dịch của mình; nhân viên chỉ thấy phạm vi được cấp. Invoice PENDING còn hạn có nút tiếp tục thanh toán; không xoá lịch sử trạng thái và payment, kể cả FAILED/REFUNDED. | H24: sprint-3/be-nhanh | I24: 20/10/2026 | J24: 02/11/2026 | K24: Review | L24: BE xong 14/10/2026 trên sprint-3/be-nhanh, 143 test BE pass; chờ review/merge
A25: S3-21 | B25: UC-PAY-08 | C25: FE – Lịch sử giao dịch (màn 18): hội viên hoặc nhân viên xem danh sách invoice/payment trong phạm vi quyền, trạng thái và khả năng tiếp tục thanh toán. | D25: FE | E25: Khải | F25: Simple | G25: Member chỉ thấy giao dịch của mình; nhân viên chỉ thấy phạm vi được cấp. Invoice PENDING còn hạn có nút tiếp tục thanh toán; không xoá lịch sử trạng thái và payment, kể cả FAILED/REFUNDED. | H25: sprint-3/fe-khai | I25: 20/10/2026 | J25: 02/11/2026 | K25: To Do | L25: Đã có danh sách hoá đơn lọc theo kênh, chi tiết và biên lai; chưa có bảng thanh toán (payments)
A26: S3-22 | B26: UC-PAY-09 | C26: BE – Hoàn tiền (màn S30): Manager chọn giao dịch đủ điều kiện, nhập lý do và mã tham chiếu rồi chuyển trạng thái hoàn tiền và cập nhật membership liên quan. | D26: BE | E26: Nhanh | F26: Medium | G26: Chỉ Manager được hoàn tiền cho invoice PAID, phải nhập lý do và mã tham chiếu. Chuyển PAID -> REFUNDED, số hoàn không vượt số đã nhận; tiền được trả thủ công ngoài hệ thống, membership liên quan được cập nhật và mọi thay đổi ghi audit theo BR-PAY-13/BR-0.2. | H26: sprint-3/be-nhanh | I26: 20/10/2026 | J26: 02/11/2026 | K26: Review | L26: BE xong 14/10/2026 trên sprint-3/be-nhanh, 143 test BE pass; chờ review/merge
A27: S3-23 | B27: UC-PAY-09 | C27: FE – Hoàn tiền (màn S30): Manager chọn giao dịch đủ điều kiện, nhập lý do và mã tham chiếu rồi chuyển trạng thái hoàn tiền và cập nhật membership liên quan. | D27: FE | E27: Khôi | F27: Medium | G27: Chỉ Manager được hoàn tiền cho invoice PAID, phải nhập lý do và mã tham chiếu. Chuyển PAID -> REFUNDED, số hoàn không vượt số đã nhận; tiền được trả thủ công ngoài hệ thống, membership liên quan được cập nhật và mọi thay đổi ghi audit theo BR-PAY-13/BR-0.2. | H27: sprint-3/fe-khoi | I27: 20/10/2026 | J27: 02/11/2026 | K27: Review | L27: Chia lại 14/10: FE chuyển từ Khải sang Khôi để Khải nhận màn đối soát. Cần nhóm chốt: hoàn toàn bộ thì trừ lại số ngày đã cộng vào membership.
A28: S3-24 | B28: UC-RPT-01 | C28: BE – Dashboard báo cáo (màn 17): Manager xem doanh thu, payment, membership và lớp theo bộ lọc; hệ thống tổng hợp dữ liệu đã thanh toán và hoàn tiền. | D28: BE | E28: Bảo | F28: Medium | G28: Chỉ permission report.view; doanh thu tính theo thời điểm PAID, trừ REFUNDED, không tính PENDING/FAILED và dùng ngày lịch Việt Nam theo BR-3.5/BR-0.3. Bộ lọc phải nhất quán giữa các chỉ số và không lộ dữ liệu ngoài quyền. | H28: sprint-3/be-bao | I28: 20/10/2026 | J28: 02/11/2026 | K28: Review | L28: Chưa có GET /reports/*
A29: S3-25 | B29: UC-RPT-01 | C29: FE – Dashboard báo cáo (màn 17): Manager xem doanh thu, payment, membership và lớp theo bộ lọc; hệ thống tổng hợp dữ liệu đã thanh toán và hoàn tiền. | D29: FE | E29: Khôi | F29: Medium | G29: Chỉ permission report.view; doanh thu tính theo thời điểm PAID, trừ REFUNDED, không tính PENDING/FAILED và dùng ngày lịch Việt Nam theo BR-3.5/BR-0.3. Bộ lọc phải nhất quán giữa các chỉ số và không lộ dữ liệu ngoài quyền. | H29: sprint-3/fe-khoi | I29: 20/10/2026 | J29: 02/11/2026 | K29: Review | L29: Chưa có GET /reports/*
A30: S3-26 | B30: UC-RPT-01 | C30: BE – Xuất tệp báo cáo (màn 17): Manager xuất PDF/CSV/Excel theo đúng bộ lọc đang xem, dùng cùng tập dữ liệu và công thức với dashboard. | D30: BE | E30: Bảo | F30: Medium | G30: Chỉ permission report.view; tệp xuất phải dùng đúng tập dữ liệu, bộ lọc và công thức đang hiển thị trên dashboard. Không cho client tự sửa số tiền; việc xuất có thể được ghi audit theo chính sách. | H30: sprint-3/be-bao | I30: 20/10/2026 | J30: 02/11/2026 | K30: Review
A31: S3-27 | B31: UC-RPT-01 | C31: FE – Xuất tệp báo cáo (màn 17): Manager xuất PDF/CSV/Excel theo đúng bộ lọc đang xem, dùng cùng tập dữ liệu và công thức với dashboard. | D31: FE | E31: Khôi | F31: Medium | G31: Chỉ permission report.view; tệp xuất phải dùng đúng tập dữ liệu, bộ lọc và công thức đang hiển thị trên dashboard. Không cho client tự sửa số tiền; việc xuất có thể được ghi audit theo chính sách. | H31: sprint-3/fe-khoi | I31: 20/10/2026 | J31: 02/11/2026 | K31: Review
A32: S3-28 | B32: UC-UM-01 | C32: BE – Bắt xác minh email trước khi vào hệ thống (màn 1, S19): đăng nhập đúng mật khẩu nhưng email chưa xác minh bị chặn; hội viên gửi lại và xác nhận link xác minh. | D32: BE | E32: Nhanh | F32: Medium | G32: Trả 403 EMAIL_NOT_VERIFIED sau khi kiểm tra mật khẩu. Token băm, dùng một lần, hạn theo EMAIL_VERIFICATION_TTL_MINUTES; gửi lại có giới hạn tần suất. Tài khoản chỉ có SĐT hoặc do nhân viên tạo coi là đã xác minh. | H32: feature/f3-sepay-online-payment | I32: 13/10/2026 | J32: 14/10/2026 | K32: Review | L32: Bổ sung ngoài kế hoạch gốc. Đã xong 14/10/2026, nằm trong PR #3 chờ review
A33: S3-29 | B33: UC-UM-01 | C33: FE – Bắt xác minh email trước khi vào hệ thống (màn 1, S19): đăng nhập đúng mật khẩu nhưng email chưa xác minh bị chặn; hội viên gửi lại và xác nhận link xác minh. | D33: FE | E33: Nhanh | F33: Medium | G33: Trả 403 EMAIL_NOT_VERIFIED sau khi kiểm tra mật khẩu. Token băm, dùng một lần, hạn theo EMAIL_VERIFICATION_TTL_MINUTES; gửi lại có giới hạn tần suất. Tài khoản chỉ có SĐT hoặc do nhân viên tạo coi là đã xác minh. | H33: feature/f3-sepay-online-payment | I33: 13/10/2026 | J33: 14/10/2026 | K33: Review | L33: Bổ sung ngoài kế hoạch gốc. Đã xong 14/10/2026, nằm trong PR #3 chờ review
A34: S3-30 | B34: UC-UM-02 | C34: BE – Đổi email có xác nhận (màn S20): email mới chỉ có hiệu lực sau khi bấm link gửi tới địa chỉ mới. | D34: BE | E34: Nhanh | F34: Medium | G34: BR-1.1: email duy nhất. Email cũ vẫn dùng đến khi xác nhận (pendingEmail); token băm, dùng một lần. | H34: feature/f3-sepay-online-payment | I34: 13/10/2026 | J34: 14/10/2026 | K34: Review | L34: Bổ sung ngoài kế hoạch gốc. Đã xong 14/10/2026, nằm trong PR #3 chờ review
A35: S3-31 | B35: UC-UM-02 | C35: FE – Đổi email có xác nhận (màn S20): email mới chỉ có hiệu lực sau khi bấm link gửi tới địa chỉ mới. | D35: FE | E35: Nhanh | F35: Medium | G35: BR-1.1: email duy nhất. Email cũ vẫn dùng đến khi xác nhận (pendingEmail); token băm, dùng một lần. | H35: feature/f3-sepay-online-payment | I35: 13/10/2026 | J35: 14/10/2026 | K35: Review | L35: Bổ sung ngoài kế hoạch gốc. Đã xong 14/10/2026, nằm trong PR #3 chờ review
A36: S3-32 | B36: UC-UM-19 | C36: BE – Nhân viên xác minh email thủ công (màn S22): lễ tân hoặc quản lý xác minh khi hội viên không nhận được email. | D36: BE | E36: Nhanh | F36: Simple | G36: Chỉ người có permission user.verify_email (không so sánh tên role); ghi nhật ký người thực hiện. | H36: feature/f3-sepay-online-payment | I36: 13/10/2026 | J36: 14/10/2026 | K36: Review | L36: Bổ sung ngoài kế hoạch gốc. Đã xong 14/10/2026, nằm trong PR #3 chờ review
A37: S3-33 | B37: UC-UM-19 | C37: FE – Nhân viên xác minh email thủ công (màn S22): lễ tân hoặc quản lý xác minh khi hội viên không nhận được email. | D37: FE | E37: Nhanh | F37: Simple | G37: Chỉ người có permission user.verify_email (không so sánh tên role); ghi nhật ký người thực hiện. | H37: feature/f3-sepay-online-payment | I37: 13/10/2026 | J37: 14/10/2026 | K37: Review | L37: Bổ sung ngoài kế hoạch gốc. Đã xong 14/10/2026, nằm trong PR #3 chờ review
A38: S3-34 | B38: UC-UM-12 | C38: BE – Liên hệ hỗ trợ khi không nhận được email (màn S19): hiển thị Zalo, Facebook, điện thoại trung tâm. | D38: BE | E38: Nhanh | F38: Simple | G38: Link Zalo và Facebook đọc từ system_settings (CENTER_SUPPORT_ZALO_URL, CENTER_SUPPORT_FACEBOOK_URL), kiểm tra định dạng URL; chỉ hiện kênh đã cấu hình; không trả dữ liệu nhạy cảm. | H38: feature/f3-sepay-online-payment | I38: 13/10/2026 | J38: 14/10/2026 | K38: Review | L38: Bổ sung ngoài kế hoạch gốc. Đã xong 14/10/2026, nằm trong PR #3 chờ review
A39: S3-35 | B39: UC-UM-12 | C39: FE – Liên hệ hỗ trợ khi không nhận được email (màn S19): hiển thị Zalo, Facebook, điện thoại trung tâm. | D39: FE | E39: Nhanh | F39: Simple | G39: Link Zalo và Facebook đọc từ system_settings (CENTER_SUPPORT_ZALO_URL, CENTER_SUPPORT_FACEBOOK_URL), kiểm tra định dạng URL; chỉ hiện kênh đã cấu hình; không trả dữ liệu nhạy cảm. | H39: feature/f3-sepay-online-payment | I39: 13/10/2026 | J39: 14/10/2026 | K39: Review | L39: Bổ sung ngoài kế hoạch gốc. Đã xong 14/10/2026, nằm trong PR #3 chờ review
A40: S3-36 | B40: UC-UM-16 | C40: BE – Cấu hình tài khoản nhận tiền SePay động (màn S27): mỗi thành viên nhập tài khoản SePay test riêng. | D40: BE | E40: Nhanh | F40: Simple | G40: Không hardcode: PAYMENT_BANK_CODE, PAYMENT_BANK_ACCOUNT_NUMBER, PAYMENT_BANK_ACCOUNT_NAME trong system_settings; chỉ SEPAY_WEBHOOK_API_KEY ở .env; kiểm tra định dạng mã ngân hàng và số tài khoản. Form Cài đặt dựng từ schema dùng chung nên không có FE riêng. | H40: feature/f3-sepay-online-payment | I40: 13/10/2026 | J40: 14/10/2026 | K40: Review | L40: Bổ sung ngoài kế hoạch gốc. Đã xong 14/10/2026, nằm trong PR #3 chờ review
A41: S3-37 | B41: UC-PAY-06 | C41: BE – Phân biệt kênh hoá đơn ONLINE và COUNTER (màn 16): cột và bộ lọc kênh; hộp thu tiền hiển thị trước tác động lên gói. | D41: BE | E41: Nhanh | F41: Medium | G41: Kênh gán lúc tạo: hội viên tự mua là ONLINE, lễ tân tạo là COUNTER. Một gói không có đồng thời hoá đơn PENDING khác kênh cho cùng hội viên. Hiển thị trước gói cộng dồn (còn hạn) hay bắt đầu mới (hết hạn) theo BR-1.3 và BR-1.4. | H41: feature/f3-sepay-online-payment | I41: 13/10/2026 | J41: 14/10/2026 | K41: Review | L41: Bổ sung ngoài kế hoạch gốc. Đã xong 14/10/2026, nằm trong PR #3 chờ review
A42: S3-38 | B42: UC-PAY-06 | C42: FE – Phân biệt kênh hoá đơn ONLINE và COUNTER (màn 16): cột và bộ lọc kênh; hộp thu tiền hiển thị trước tác động lên gói. | D42: FE | E42: Nhanh | F42: Medium | G42: Kênh gán lúc tạo: hội viên tự mua là ONLINE, lễ tân tạo là COUNTER. Một gói không có đồng thời hoá đơn PENDING khác kênh cho cùng hội viên. Hiển thị trước gói cộng dồn (còn hạn) hay bắt đầu mới (hết hạn) theo BR-1.3 và BR-1.4. | H42: feature/f3-sepay-online-payment | I42: 13/10/2026 | J42: 14/10/2026 | K42: Review | L42: Bổ sung ngoài kế hoạch gốc. Đã xong 14/10/2026, nằm trong PR #3 chờ review
A43: S3-39 | B43: UC-UM-03 | C43: BE – Gói tập là thời hạn có giảm giá (màn 4): đơn giá mỗi ngày, phần trăm tiết kiệm, banner hạn dùng và số lần thanh toán đã cộng dồn. | D43: BE | E43: Nhanh | F43: Medium | G43: BR-1.2 và BR-1.3: gia hạn khi còn hạn cộng dồn vào cùng một membership. Gói chỉ quy định thời hạn và đơn giá, mọi gói có quyền lợi như nhau; phần trăm tiết kiệm tính từ giá thật so với gói ngắn nhất đang bán. | H43: feature/f3-sepay-online-payment | I43: 13/10/2026 | J43: 14/10/2026 | K43: Review | L43: Bổ sung ngoài kế hoạch gốc. Đã xong 14/10/2026, nằm trong PR #3 chờ review
... A56: S3-52 | B56: UC-PAY-11 | C56: BE – Map giao dịch sai mã vào hội viên / gói (màn S29): Manager hoặc lễ tân có quyền mở một giao dịch không tự khớp (sai mã, thiếu mã), tìm hội viên theo tên/SĐT, chọn hoá đơn PENDING/FAILED của người đó hoặc tạo hoá đơn mới cho một gói đang bán rồi gán giao dịch vào. | D56: BE | E56: Nhanh | F56: Complex | G56: BR-PAY-15: chỉ người có payment.reconcile, không so tên role. Gán xong chạy lại đúng bước khớp tiền của webhook (một hàm dùng chung): đủ tiền ⇒ PAID + kích hoạt gói theo BR-1.3/1.4; thiếu ⇒ #89; thừa ⇒ #90. Một giao dịch chỉ map một lần (khoá hàng), ghi audit người map, lý do, số tiền. | H56: sprint-3/be-nhanh | I56: 20/10/2026 | J56: 02/11/2026 | K56: Review | L56: BE xong 14/10/2026 trên sprint-3/be-nhanh, 143 test BE pass; chờ review/merge
A57: S3-53 | B57: UC-PAY-11 | C57: FE – Map giao dịch sai mã vào hội viên / gói (màn S29): Manager hoặc lễ tân có quyền mở một giao dịch không tự khớp (sai mã, thiếu mã), tìm hội viên theo tên/SĐT, chọn hoá đơn PENDING/FAILED của người đó hoặc tạo hoá đơn mới cho một gói đang bán rồi gán giao dịch vào. | D57: FE | E57: Khải | F57: Complex | G57: BR-PAY-15: chỉ người có payment.reconcile, không so tên role. Gán xong chạy lại đúng bước khớp tiền của webhook (một hàm dùng chung): đủ tiền ⇒ PAID + kích hoạt gói theo BR-1.3/1.4; thiếu ⇒ #89; thừa ⇒ #90. Một giao dịch chỉ map một lần (khoá hàng), ghi audit người map, lý do, số tiền. | H57: sprint-3/fe-khai | I57: 20/10/2026 | J57: 02/11/2026 | K57: To Do
A58: S3-54 | B58: UC-PAY-12 | C58: BE – Thiếu tiền – yêu cầu hội viên chuyển bù (màn 15, 18): hoá đơn giữ trạng thái chờ, hiển thị đã nhận X / còn thiếu Y, sinh QR phần còn thiếu (cùng mã hoá đơn) và gửi thông báo; đủ tiền thì PAID, kích hoạt gói và cho xuất hoá đơn. | D58: BE | E58: Nhanh | F58: Complex | G58: BR-PAY-16: số đã nhận cộng dồn từ các payment của hoá đơn; chỉ PAID khi tổng nhận = số hoá đơn. Hạn chuyển bù = PAYMENT_TOPUP_DEADLINE_HOURS (system_settings, mặc định 48 giờ); quá hạn thì phiếu chuyển Manager quyết định hoàn số đã nhận. Hoá đơn PDF chỉ xuất khi đã PAID (UC-PAY-07). | H58: sprint-3/be-nhanh | I58: 20/10/2026 | J58: 02/11/2026 | K58: Review | L58: BE xong 14/10/2026 trên sprint-3/be-nhanh, 143 test BE pass; chờ review/merge
A59: S3-55 | B59: UC-PAY-12 | C59: FE – Thiếu tiền – yêu cầu hội viên chuyển bù (màn 15, 18): hoá đơn giữ trạng thái chờ, hiển thị đã nhận X / còn thiếu Y, sinh QR phần còn thiếu (cùng mã hoá đơn) và gửi thông báo; đủ tiền thì PAID, kích hoạt gói và cho xuất hoá đơn. | D59: FE | E59: Khôi | F59: Complex | G59: BR-PAY-16: số đã nhận cộng dồn từ các payment của hoá đơn; chỉ PAID khi tổng nhận = số hoá đơn. Hạn chuyển bù = PAYMENT_TOPUP_DEADLINE_HOURS (system_settings, mặc định 48 giờ); quá hạn thì phiếu chuyển Manager quyết định hoàn số đã nhận. Hoá đơn PDF chỉ xuất khi đã PAID (UC-PAY-07). | H59: sprint-3/fe-khoi | I59: 20/10/2026 | J59: 02/11/2026 | K59: Review
A60: S3-56 | B60: UC-PAY-11 | C60: BE – Thừa tiền – xác nhận và xử lý phần thừa (màn S29): Manager xác nhận hoá đơn PAID, hệ thống tạo khoản cần hoàn phần thừa; Manager liên hệ hội viên rồi chọn hoàn phần thừa hoặc dùng phần thừa cho lần gia hạn kế tiếp nếu hội viên đồng ý. | D60: BE | E60: Nhanh | F60: Medium | G60: BR-PAY-17: phần thừa không tự cộng thành ngày tập; phải có quyết định của Manager và ghi lại ý kiến hội viên. Hoàn phần thừa không đổi hoá đơn sang REFUNDED (UC-PAY-09 A1); mã tham chiếu chuyển trả bắt buộc khi đóng phiếu. | H60: sprint-3/be-nhanh | I60: 20/10/2026 | J60: 02/11/2026 | K60: Review | L60: BE xong 14/10/2026 trên sprint-3/be-nhanh, 143 test BE pass; chờ review/merge
A61: S3-57 | B61: UC-PAY-11 | C61: FE – Thừa tiền – xác nhận và xử lý phần thừa (màn S29): Manager xác nhận hoá đơn PAID, hệ thống tạo khoản cần hoàn phần thừa; Manager liên hệ hội viên rồi chọn hoàn phần thừa hoặc dùng phần thừa cho lần gia hạn kế tiếp nếu hội viên đồng ý. | D61: FE | E61: Khải | F61: Medium | G61: BR-PAY-17: phần thừa không tự cộng thành ngày tập; phải có quyết định của Manager và ghi lại ý kiến hội viên. Hoàn phần thừa không đổi hoá đơn sang REFUNDED (UC-PAY-09 A1); mã tham chiếu chuyển trả bắt buộc khi đóng phiếu. | H61: sprint-3/fe-khai | I61: 20/10/2026 | J61: 02/11/2026 | K61: To Do
A62: S3-58 | B62: UC-PAY-13 | C62: BE – Cảnh báo chuyển 2 lần cho một mã (màn S29, header): webhook thấy hoá đơn đã PAID mà lại nhận thêm giao dịch mới cùng mã ⇒ tạo phiếu DUPLICATE_TRANSFER mức cảnh báo cao, hiện badge đỏ cho Manager và báo hội viên "trung tâm đã nhận 2 lần và sẽ liên hệ". | D62: BE | E62: Nhanh | F62: Medium | G62: BR-PAY-18: không cộng thêm thời hạn gói, không tự hoàn. Manager phải liên hệ hội viên (ghi ở #92) rồi chọn: hoàn khoản chuyển lặp, hoặc map khoản đó sang một hoá đơn gia hạn mới nếu hội viên muốn gia hạn. Phiếu chưa xử lý quá 24 giờ được nhắc lại trên dashboard. | H62: sprint-3/be-nhanh | I62: 20/10/2026 | J62: 02/11/2026 | K62: Review | L62: BE xong 14/10/2026 trên sprint-3/be-nhanh, 143 test BE pass; chờ review/merge
A63: S3-59 | B63: UC-PAY-13 | C63: FE – Cảnh báo chuyển 2 lần cho một mã (màn S29, header): webhook thấy hoá đơn đã PAID mà lại nhận thêm giao dịch mới cùng mã ⇒ tạo phiếu DUPLICATE_TRANSFER mức cảnh báo cao, hiện badge đỏ cho Manager và báo hội viên "trung tâm đã nhận 2 lần và sẽ liên hệ". | D63: FE | E63: Khải | F63: Medium | G63: BR-PAY-18: không cộng thêm thời hạn gói, không tự hoàn. Manager phải liên hệ hội viên (ghi ở #92) rồi chọn: hoàn khoản chuyển lặp, hoặc map khoản đó sang một hoá đơn gia hạn mới nếu hội viên muốn gia hạn. Phiếu chưa xử lý quá 24 giờ được nhắc lại trên dashboard. | H63: sprint-3/fe-khai | I63: 20/10/2026 | J63: 02/11/2026 | K63: To Do
A64: S3-60 | B64: UC-PAY-13 | C64: BE – Nhật ký liên hệ hội viên trong phiếu đối soát (màn S29): mỗi phiếu có dòng thời gian ghi kênh liên hệ (điện thoại/Zalo/email/tại quầy), nội dung, kết quả và trạng thái OPEN → WAITING_MEMBER → RESOLVED. | D64: BE | E64: Nhanh | F64: Medium | G64: BR-PAY-19: không đóng phiếu DUPLICATE_TRANSFER, OVERPAID hoặc MEMBER_CLAIM khi chưa có ít nhất một lần liên hệ được ghi lại. Ghi chú chỉ thêm, không sửa/xoá (giữ lịch sử theo BR-0.1). | H64: sprint-3/be-nhanh | I64: 20/10/2026 | J64: 02/11/2026 | K64: Review | L64: BE xong 14/10/2026 trên sprint-3/be-nhanh, 143 test BE pass; chờ review/merge
A65: S3-61 | B65: UC-PAY-13 | C65: FE – Nhật ký liên hệ hội viên trong phiếu đối soát (màn S29): mỗi phiếu có dòng thời gian ghi kênh liên hệ (điện thoại/Zalo/email/tại quầy), nội dung, kết quả và trạng thái OPEN → WAITING_MEMBER → RESOLVED. | D65: FE | E65: Khải | F65: Medium | G65: BR-PAY-19: không đóng phiếu DUPLICATE_TRANSFER, OVERPAID hoặc MEMBER_CLAIM khi chưa có ít nhất một lần liên hệ được ghi lại. Ghi chú chỉ thêm, không sửa/xoá (giữ lịch sử theo BR-0.1). | H65: sprint-3/fe-khai | I65: 20/10/2026 | J65: 02/11/2026 | K65: To Do
A66: S3-62 | B66: UC-PAY-14 | C66: BE – Hội viên báo "Tôi đã chuyển khoản" (màn 15, 18): khi đã chuyển nhưng hệ thống chưa ghi nhận (lỗi mạng, webhook chậm, hoá đơn đã hết hạn), hội viên nhập thời điểm, số tiền, ngân hàng và mã giao dịch ⇒ tạo phiếu MEMBER_CLAIM để Manager đối chiếu. | D66: BE | E66: Nhanh | F66: Medium | G66: BR-PAY-20: báo đã chuyển không làm hoá đơn PAID. Manager đối chiếu sao kê/SePay rồi map (#88) hoặc từ chối kèm lý do. Mỗi hoá đơn chỉ có một phiếu MEMBER_CLAIM đang mở; FE mất mạng thì giữ trạng thái "đang kết nối lại", không tạo hoá đơn mới (UC-PAY-03 E1). | H66: sprint-3/be-nhanh | I66: 20/10/2026 | J66: 02/11/2026 | K66: Review | L66: BE xong 14/10/2026 trên sprint-3/be-nhanh, 143 test BE pass; chờ review/merge
A67: S3-63 | B67: UC-PAY-14 | C67: FE – Hội viên báo "Tôi đã chuyển khoản" (màn 15, 18): khi đã chuyển nhưng hệ thống chưa ghi nhận (lỗi mạng, webhook chậm, hoá đơn đã hết hạn), hội viên nhập thời điểm, số tiền, ngân hàng và mã giao dịch ⇒ tạo phiếu MEMBER_CLAIM để Manager đối chiếu. | D67: FE | E67: Khôi | F67: Medium | G67: BR-PAY-20: báo đã chuyển không làm hoá đơn PAID. Manager đối chiếu sao kê/SePay rồi map (#88) hoặc từ chối kèm lý do. Mỗi hoá đơn chỉ có một phiếu MEMBER_CLAIM đang mở; FE mất mạng thì giữ trạng thái "đang kết nối lại", không tạo hoá đơn mới (UC-PAY-03 E1). | H67: sprint-3/fe-khoi | I67: 20/10/2026 | J67: 02/11/2026 | K67: Review
A68: S3-64 | B68: UC-PAY-14 | C68: BE – Đồng bộ lại giao dịch bị lỡ webhook (màn S29): Manager bấm "Đồng bộ từ SePay" theo khoảng thời gian; hệ thống lấy danh sách giao dịch tiền vào qua API SePay và xử lý những giao dịch chưa có trong nhật ký như một webhook. | D68: BE | E68: Nhanh | F68: Medium | G68: Idempotent theo id giao dịch SePay (BR-PAY-04) nên đồng bộ nhiều lần không cộng đôi. Token API SePay ở .env, không ghi vào log. Làm nếu kịp; nếu chưa có thì Manager đối chiếu thủ công qua #93. | H68: sprint-3/be-nhanh | I68: 20/10/2026 | J68: 02/11/2026 | K68: Review | L68: BE xong 14/10/2026 trên sprint-3/be-nhanh, 143 test BE pass; chờ review/merge
A69: S3-65 | B69: UC-PAY-07 | C69: BE – Mẫu hoá đơn PDF chuẩn (màn 16, S30): thiết kế lại hoá đơn in/PDF gồm logo và thông tin trung tâm, mã hoá đơn, hội viên, gói và thời hạn, số tiền bằng số và bằng chữ, các lần thanh toán (kể cả chuyển bù), kênh, người thu, trạng thái; nút Tải PDF và In. | D69: BE | E69: Nhanh | F69: Medium | G69: UC-PAY-07: chỉ hoá đơn PAID mới xuất; số tiền lấy từ bản ghi gốc, thông tin trung tâm lấy từ cấu hình. Khổ A5 dọc, in đen trắng vẫn đọc được; hoá đơn có chuyển bù liệt kê đủ từng lần nhận tiền. Rà soát UI phát hiện hội viên chưa có quyền tải biên lai của mình: Nhanh thêm quyền invoice.export_own (BE), Khải làm giao diện. | H69: sprint-3/be-nhanh | I69: 20/10/2026 | J69: 02/11/2026 | K69: Review | L69: BE xong 14/10/2026 trên sprint-3/be-nhanh, 143 test BE pass; chờ review/merge #95: BE đã cho hội viên tải biên lai của chính mình (GET /invoices/:id/receipt, quyền invoice.read_own), FE chỉ cần mở nút.
A70: S3-66 | B70: UC-PAY-07 | C70: FE – Mẫu hoá đơn PDF chuẩn (màn 16, S30): thiết kế lại hoá đơn in/PDF gồm logo và thông tin trung tâm, mã hoá đơn, hội viên, gói và thời hạn, số tiền bằng số và bằng chữ, các lần thanh toán (kể cả chuyển bù), kênh, người thu, trạng thái; nút Tải PDF và In. | D70: FE | E70: Khải | F70: Medium | G70: UC-PAY-07: chỉ hoá đơn PAID mới xuất; số tiền lấy từ bản ghi gốc, thông tin trung tâm lấy từ cấu hình. Khổ A5 dọc, in đen trắng vẫn đọc được; hoá đơn có chuyển bù liệt kê đủ từng lần nhận tiền. Rà soát UI phát hiện hội viên chưa có quyền tải biên lai của mình: Nhanh thêm quyền invoice.export_own (BE), Khải làm giao diện. | H70: sprint-3/fe-khai | I70: 20/10/2026 | J70: 02/11/2026 | K70: To Do
A71: S3-67 | B71: UC-PAY-12 | C71: BE – Thông báo kết quả đối soát cho hội viên: gửi in-app và email khi giao dịch được ghi nhận, khi cần chuyển bù (kèm số còn thiếu và hạn), khi có khoản sẽ được hoàn và khi phiếu báo đã chuyển bị từ chối. | D71: BE | E71: Nhanh | F71: Simple | G71: Dùng notification.service có dedupeKey để không gửi trùng; lỗi gửi mail không làm hỏng kết quả đối soát (gửi sau commit như BR-PAY-09). | H71: sprint-3/be-nhanh | I71: 20/10/2026 | J71: 02/11/2026 | K71: Review | L71: BE xong 14/10/2026 trên sprint-3/be-nhanh, 143 test BE pass; chờ review/merge
A72: S3-68 | B72: Kiểm thử | C72: Test – Test E2E đối soát SePay: giả lập webhook sai mã → map; chuyển thiếu → chuyển bù → PAID → in PDF; chuyển thừa → hoàn phần thừa; chuyển 2 lần → cảnh báo → liên hệ → hoàn; báo đã chuyển → Manager duyệt. | D72: Test | E72: Khôi | F72: Medium | G72: Gọi webhook bằng API key test; chạy desktop 1366×900 như các E2E hiện có; ảnh đưa vào báo cáo nghiệm thu SePay. | H72: sprint-3/fe-khoi | I72: 20/10/2026 | J72: 02/11/2026 | K72: Review
A73: S3-69 | B73: UC-UM-11 | C73: BE – Tạm khoá đăng nhập khi nhập sai mật khẩu nhiều lần (màn 1): sai liên tiếp N lần thì khoá đăng nhập M phút, màn đăng nhập báo thời gian còn lại và gợi ý quên mật khẩu. | D73: BE | E73: Khôi | F73: Medium | G73: BR-1.14: N = LOGIN_MAX_FAILED_ATTEMPTS (mặc định 5), M = LOGIN_LOCK_MINUTES (mặc định 15) trong system_settings. Đăng nhập đúng thì đếm lại từ 0; đặt lại mật khẩu thành công thì mở khoá. Thông báo không tiết lộ tài khoản có tồn tại. Nhanh review phần BE. | H73: sprint-3/fe-khoi | I73: 20/10/2026 | J73: 02/11/2026 | K73: Review | L73: Full-stack để thành viên FE làm thêm BE; người review BE: Nhanh.
A74: S3-70 | B74: UC-UM-11 | C74: FE – Tạm khoá đăng nhập khi nhập sai mật khẩu nhiều lần (màn 1): sai liên tiếp N lần thì khoá đăng nhập M phút, màn đăng nhập báo thời gian còn lại và gợi ý quên mật khẩu. | D74: FE | E74: Khôi | F74: Medium | G74: BR-1.14: N = LOGIN_MAX_FAILED_ATTEMPTS (mặc định 5), M = LOGIN_LOCK_MINUTES (mặc định 15) trong system_settings. Đăng nhập đúng thì đếm lại từ 0; đặt lại mật khẩu thành công thì mở khoá. Thông báo không tiết lộ tài khoản có tồn tại. Nhanh review phần BE. | H74: sprint-3/fe-khoi | I74: 20/10/2026 | J74: 02/11/2026 | K74: Review
A75: S3-71 | B75: UC-UM-05 | C75: BE – Đăng ký tại quầy bị trùng SĐT/email (màn 5): thay vì chỉ báo lỗi, hiện thẻ hồ sơ đang có (tên, SĐT che bớt, trạng thái, gói) và nút "Mở hồ sơ này" để lễ tân bán gói tiếp; hồ sơ bị khoá thì hướng dẫn liên hệ quản lý. | D75: BE | E75: Khải | F75: Simple | G75: BR-1.1/1.10: không tạo hồ sơ trùng. Chỉ trả thông tin hồ sơ trùng cho người có member.read; khách tự đăng ký online vẫn chỉ nhận thông báo chung. | H75: sprint-3/fe-khai | I75: 20/10/2026 | J75: 02/11/2026 | K75: To Do | L75: Full-stack để thành viên FE làm thêm BE; người review BE: Bảo.
A76: S3-72 | B76: UC-UM-05 | C76: FE – Đăng ký tại quầy bị trùng SĐT/email (màn 5): thay vì chỉ báo lỗi, hiện thẻ hồ sơ đang có (tên, SĐT che bớt, trạng thái, gói) và nút "Mở hồ sơ này" để lễ tân bán gói tiếp; hồ sơ bị khoá thì hướng dẫn liên hệ quản lý. | D76: FE | E76: Khải | F76: Simple | G76: BR-1.1/1.10: không tạo hồ sơ trùng. Chỉ trả thông tin hồ sơ trùng cho người có member.read; khách tự đăng ký online vẫn chỉ nhận thông báo chung. | H76: sprint-3/fe-khai | I76: 20/10/2026 | J76: 02/11/2026 | K76: To Do
A77: S3-73 | B77: UC-UM-09 | C77: BE – Khoá tài khoản đang có lịch (màn 8, S22): khoá hội viên có booking tương lai thì hộp thoại liệt kê các buổi và hỏi huỷ để nhả chỗ; khoá HLV đang dạy lớp mở thì chặn và dẫn sang đổi HLV (#105). | D77: BE | E77: Bảo | F77: Medium | G77: BR-1.15 và BR-2.13: khoá hội viên thì các booking tương lai chuyển CANCELLED (cancelled_by = Manager), hội viên và người trong danh sách chờ được thông báo. HLV còn lớp OPEN thì trả 409 kèm danh sách lớp. | H77: sprint-3/be-bao | I77: 20/10/2026 | J77: 02/11/2026 | K77: Review
A78: S3-74 | B78: UC-UM-09 | C78: FE – Khoá tài khoản đang có lịch (màn 8, S22): khoá hội viên có booking tương lai thì hộp thoại liệt kê các buổi và hỏi huỷ để nhả chỗ; khoá HLV đang dạy lớp mở thì chặn và dẫn sang đổi HLV (#105). | D78: FE | E78: Khôi | F78: Medium | G78: BR-1.15 và BR-2.13: khoá hội viên thì các booking tương lai chuyển CANCELLED (cancelled_by = Manager), hội viên và người trong danh sách chờ được thông báo. HLV còn lớp OPEN thì trả 409 kèm danh sách lớp. | H78: sprint-3/fe-khoi | I78: 20/10/2026 | J78: 02/11/2026 | K78: Review
A79: S3-75 | B79: UC-UM-20 | C79: BE – Bảo lưu gói tập (màn 4, S22): hội viên hoặc lễ tân tạm dừng gói đang hiệu lực từ ngày A đến ngày B; trong thời gian bảo lưu không đăng ký lớp mới, hết bảo lưu thì ngày hết hạn được cộng thêm số ngày đã dừng. | D79: BE | E79: Bảo | F79: Complex | G79: BR-1.16: mỗi lần tối thiểu 7 và tối đa MEMBERSHIP_FREEZE_MAX_DAYS ngày, tối đa MEMBERSHIP_FREEZE_MAX_TIMES lần trong một gói (system_settings). Không bảo lưu khi còn booking trong khoảng đó (phải huỷ trước) hoặc gói còn dưới 7 ngày. Kết thúc sớm thì chỉ cộng số ngày thực dừng. Ghi audit. | H79: sprint-3/be-bao | I79: 20/10/2026 | J79: 02/11/2026 | K79: Review
A80: S3-76 | B80: UC-UM-20 | C80: FE – Bảo lưu gói tập (màn 4, S22): hội viên hoặc lễ tân tạm dừng gói đang hiệu lực từ ngày A đến ngày B; trong thời gian bảo lưu không đăng ký lớp mới, hết bảo lưu thì ngày hết hạn được cộng thêm số ngày đã dừng. | D80: FE | E80: Khải | F80: Complex | G80: BR-1.16: mỗi lần tối thiểu 7 và tối đa MEMBERSHIP_FREEZE_MAX_DAYS ngày, tối đa MEMBERSHIP_FREEZE_MAX_TIMES lần trong một gói (system_settings). Không bảo lưu khi còn booking trong khoảng đó (phải huỷ trước) hoặc gói còn dưới 7 ngày. Kết thúc sớm thì chỉ cộng số ngày thực dừng. Ghi audit. | H80: sprint-3/fe-khai | I80: 20/10/2026 | J80: 02/11/2026 | K80: To Do
A81: S3-77 | B81: UC-UM-08 | C81: BE – Đổi giá / ngừng bán gói khi đang có hoá đơn chờ thanh toán: hoá đơn PENDING giữ nguyên giá và thời hạn đã chốt lúc tạo, vẫn thanh toán được đến khi hết hạn; tạo hoá đơn mới thì không chọn được gói đã ngừng bán. | D81: BE | E81: Nhanh | F81: Simple | G81: BR-1.6 và BR-1.17: giá trên hoá đơn là bản chốt (planName, durationDays, amount), webhook so với số tiền trên hoá đơn chứ không so với giá gói hiện tại. Bổ sung test tích hợp cho cả hai trường hợp. | H81: sprint-3/be-nhanh | I81: 20/10/2026 | J81: 02/11/2026 | K81: Review | L81: BE xong 14/10/2026 trên sprint-3/be-nhanh, 143 test BE pass; chờ review/merge
A82: S3-78 | B82: UC-CB-19 | C82: BE – Danh sách chờ khi lớp đầy (màn 9, S24): hội viên bấm "Vào danh sách chờ" khi lớp hết chỗ; khi có người huỷ, người đứng đầu được giữ chỗ trong X giờ và nhận thông báo để xác nhận, quá hạn thì chuyển cho người kế tiếp. | D82: BE | E82: Bảo | F82: Complex | G82: BR-2.16: vào danh sách chờ vẫn phải qua kiểm tra gói còn hạn và không trùng giờ; thứ tự theo thời điểm vào. X = CLASS_WAITLIST_HOLD_HOURS (mặc định 12). Giữ chỗ và chuyển người kế tiếp chạy trong transaction để không vượt sức chứa (BR-2.2). | H82: sprint-3/be-bao | I82: 20/10/2026 | J82: 02/11/2026 | K82: Review
A83: S3-79 | B83: UC-CB-19 | C83: FE – Danh sách chờ khi lớp đầy (màn 9, S24): hội viên bấm "Vào danh sách chờ" khi lớp hết chỗ; khi có người huỷ, người đứng đầu được giữ chỗ trong X giờ và nhận thông báo để xác nhận, quá hạn thì chuyển cho người kế tiếp. | D83: FE | E83: Khải | F83: Complex | G83: BR-2.16: vào danh sách chờ vẫn phải qua kiểm tra gói còn hạn và không trùng giờ; thứ tự theo thời điểm vào. X = CLASS_WAITLIST_HOLD_HOURS (mặc định 12). Giữ chỗ và chuyển người kế tiếp chạy trong transaction để không vượt sức chứa (BR-2.2). | H83: sprint-3/fe-khai | I83: 20/10/2026 | J83: 02/11/2026 | K83: To Do
A84: S3-80 | B84: UC-CB-06 | C84: BE – Cảnh báo gói hết hạn trước khi lớp kết thúc (màn 9): khi đăng ký, nếu ngày hết hạn gói sớm hơn ngày kết thúc lớp thì hiện cảnh báo số buổi sau ngày hết hạn và nút gia hạn ngay. | D84: BE | E84: Khải | F84: Simple | G84: BR-1.12: vẫn cho đăng ký (booking giữ đến hết lớp), chỉ cảnh báo để hội viên chủ động gia hạn. BE trả thêm cờ và số buổi bị ảnh hưởng trong kết quả kiểm tra đăng ký. | H84: sprint-3/fe-khai | I84: 20/10/2026 | J84: 02/11/2026 | K84: To Do | L84: Full-stack để thành viên FE làm thêm BE; người review BE: Bảo.
A85: S3-81 | B85: UC-CB-06 | C85: FE – Cảnh báo gói hết hạn trước khi lớp kết thúc (màn 9): khi đăng ký, nếu ngày hết hạn gói sớm hơn ngày kết thúc lớp thì hiện cảnh báo số buổi sau ngày hết hạn và nút gia hạn ngay. | D85: FE | E85: Khải | F85: Simple | G85: BR-1.12: vẫn cho đăng ký (booking giữ đến hết lớp), chỉ cảnh báo để hội viên chủ động gia hạn. BE trả thêm cờ và số buổi bị ảnh hưởng trong kết quả kiểm tra đăng ký. | H85: sprint-3/fe-khai | I85: 20/10/2026 | J85: 02/11/2026 | K85: To Do
A86: S3-82 | B86: UC-CB-03 | C86: BE – Đổi HLV phụ trách lớp (màn 12, S26): Manager chọn HLV thay thế cho cả lớp hoặc từ một ngày trở đi; hệ thống kiểm tra trùng lịch của HLV mới rồi thông báo cho hội viên, HLV cũ và HLV mới. | D86: BE | E86: Bảo | F86: Medium | G86: BR-2.4/2.13: HLV mới phải ACTIVE và không trùng buổi nào. Chỉ đổi buổi chưa diễn ra; buổi đã qua giữ HLV cũ để lịch sử điểm danh đúng. Dùng cho trường hợp khoá HLV (#100). | H86: sprint-3/be-bao | I86: 20/10/2026 | J86: 02/11/2026 | K86: Review
A87: S3-83 | B87: UC-CB-03 | C87: FE – Đổi HLV phụ trách lớp (màn 12, S26): Manager chọn HLV thay thế cho cả lớp hoặc từ một ngày trở đi; hệ thống kiểm tra trùng lịch của HLV mới rồi thông báo cho hội viên, HLV cũ và HLV mới. | D87: FE | E87: Khôi | F87: Medium | G87: BR-2.4/2.13: HLV mới phải ACTIVE và không trùng buổi nào. Chỉ đổi buổi chưa diễn ra; buổi đã qua giữ HLV cũ để lịch sử điểm danh đúng. Dùng cho trường hợp khoá HLV (#100). | H87: sprint-3/fe-khoi | I87: 20/10/2026 | J87: 02/11/2026 | K87: Review
A88: S3-84 | B88: UC-CB-14 | C88: BE – Phòng tạm ngưng để bảo trì (màn 13): Manager đặt phòng ngưng từ ngày A đến B; hệ thống liệt kê các buổi bị ảnh hưởng và gợi ý phòng trống cùng giờ đủ sức chứa để chuyển hàng loạt, buổi không chuyển được thì huỷ buổi (#53). | D88: BE | E88: Bảo | F88: Medium | G88: BR-2.4/2.10: phòng mới không trùng giờ và sức chứa ≥ số đã đăng ký. Hội viên của buổi bị đổi phòng hoặc bị huỷ nhận thông báo (BR-2.7); không xoá buổi, chỉ đổi trạng thái. | H88: sprint-3/be-bao | I88: 20/10/2026 | J88: 02/11/2026 | K88: Review
A89: S3-85 | B89: UC-CB-14 | C89: FE – Phòng tạm ngưng để bảo trì (màn 13): Manager đặt phòng ngưng từ ngày A đến B; hệ thống liệt kê các buổi bị ảnh hưởng và gợi ý phòng trống cùng giờ đủ sức chứa để chuyển hàng loạt, buổi không chuyển được thì huỷ buổi (#53). | D89: FE | E89: Khôi | F89: Medium | G89: BR-2.4/2.10: phòng mới không trùng giờ và sức chứa ≥ số đã đăng ký. Hội viên của buổi bị đổi phòng hoặc bị huỷ nhận thông báo (BR-2.7); không xoá buổi, chỉ đổi trạng thái. | H89: sprint-3/fe-khoi | I89: 20/10/2026 | J89: 02/11/2026 | K89: Review
A90: S3-86 | B90: UC-CB-20 | C90: BE – Tạm chặn đăng ký khi vắng mặt nhiều lần (màn 9, S22): hội viên vắng không huỷ trước từ N buổi trong M ngày bị chặn đăng ký lớp mới K ngày; màn đăng ký hiện lý do và ngày được đăng ký lại, lễ tân/Manager có quyền gỡ chặn kèm lý do. | D90: BE | E90: Bảo | F90: Medium | G90: BR-2.17: N = CLASS_NO_SHOW_LIMIT (mặc định 3), M = CLASS_NO_SHOW_WINDOW_DAYS (30), K = CLASS_NO_SHOW_BLOCK_DAYS (7). Chỉ tính buổi đã điểm danh vắng (#63); buổi bị huỷ hoặc đổi lịch không tính. Không ảnh hưởng booking đã có. | H90: sprint-3/be-bao | I90: 20/10/2026 | J90: 02/11/2026 | K90: Review
A91: S3-87 | B91: UC-CB-20 | C91: FE – Tạm chặn đăng ký khi vắng mặt nhiều lần (màn 9, S22): hội viên vắng không huỷ trước từ N buổi trong M ngày bị chặn đăng ký lớp mới K ngày; màn đăng ký hiện lý do và ngày được đăng ký lại, lễ tân/Manager có quyền gỡ chặn kèm lý do. | D91: FE | E91: Khải | F91: Medium | G91: BR-2.17: N = CLASS_NO_SHOW_LIMIT (mặc định 3), M = CLASS_NO_SHOW_WINDOW_DAYS (30), K = CLASS_NO_SHOW_BLOCK_DAYS (7). Chỉ tính buổi đã điểm danh vắng (#63); buổi bị huỷ hoặc đổi lịch không tính. Không ảnh hưởng booking đã có. | H91: sprint-3/fe-khai | I91: 20/10/2026 | J91: 02/11/2026 | K91: To Do
A92: S3-88 | B92: Kiểm thử | C92: Test – Test E2E ngoại lệ Flow 1 và 2: khoá đăng nhập sau N lần sai, đăng ký tại quầy trùng SĐT, bảo lưu gói, danh sách chờ, đổi HLV, phòng bảo trì, chặn do vắng mặt. | D92: Test | E92: Khải | F92: Medium | G92: Mỗi ngoại lệ có ít nhất một ca test tích hợp BE và một ca E2E desktop; cập nhật SWP391_TestCase.xlsx. | H92: sprint-3/fe-khai | I92: 20/10/2026 | J92: 02/11/2026 | K92: To Do
A93: S3-89 | B93: Tài liệu | C93: Docs – Bổ sung đặc tả UC-PAY-11 đến 14, UC-UM-20, UC-CB-19, UC-CB-20; business rule BR-1.14 đến 1.17, BR-2.16, 2.17, BR-PAY-15 đến 20; sơ đồ flow 1.5, 2.9, 3.17, 3.18; báo cáo rà soát UI Flow 1, 2. | D93: Docs | E93: Nhanh | F93: Simple | G93: Không có business rule riêng; tài liệu là nguồn cho các task #88–#108. | H93: feature/f3-sepay-online-payment | I93: 14/10/2026 | J93: 14/10/2026 | K93: Review | L93: Đã làm 14/10/2026 cùng đợt chia lại sprint.
A94: UI-F1-01 | B94: UI Flow 1 | C94: FE – Sửa UI: Đăng nhập vào Tổng quan và thêm widget theo vai trò (màn / — m-01, r-01, c-01, a-01). Mọi vai trò đăng nhập xong đều vào trang lịch; Tổng quan chỉ có 2 thẻ. Sửa: vào / trước; hội viên thấy gói còn bao nhiêu ngày, lễ tân thấy hoá đơn chờ thu và hội viên sắp hết hạn, quản lý thấy doanh thu tháng, số hội viên hoạt động và số phiếu đối soát đang mở. | D94: FE | E94: Khôi | F94: Medium | G94: Không đổi business rule; giữ RBAC động, không hardcode chuỗi nghiệp vụ, file ≤ 200 dòng. File: router/resolvePostLoginPath.js, pages/dashboard/* | H94: sprint-3/fe-khoi | I94: 20/10/2026 | J94: 02/11/2026 | K94: Review | L94: Ảnh minh hoạ trong docs/kiem-thu/nghiem-thu/BaoCao_RaSoatUI_Flow1_Flow2.docx
A95: UI-F1-02 | B95: UI Flow 1 | C95: FE – Sửa UI: Menu trái của quản lý tràn khỏi màn hình (màn mọi trang quản lý — a-01…a-07). Ở chiều cao 900px nhóm "Hệ thống" bị cắt, "Vai trò & quyền", "Cấu hình" bị đẩy khỏi màn. Sửa: chỉ mở nhóm chứa trang hiện tại, giảm chiều cao mục, chuyển Hồ sơ/Đổi mật khẩu/Thông báo vào menu avatar. | D95: FE | E95: Khôi | F95: Medium | G95: Không đổi business rule; giữ RBAC động, không hardcode chuỗi nghiệp vụ, file ≤ 200 dòng. File: components/common/MainHeader.jsx, styles/polish.css | H95: sprint-3/fe-khoi | I95: 20/10/2026 | J95: 02/11/2026 | K95: Review | L95: Ảnh minh hoạ trong docs/kiem-thu/nghiem-thu/BaoCao_RaSoatUI_Flow1_Flow2.docx
A96: UI-F1-03 | B96: UI Flow 1 | C96: FE – Sửa UI: Phụ đề header cố định và nhãn "SPORTS CENTER" lặp lại (màn mọi trang — m-02, a-04). Header luôn ghi "Lịch tập và hoạt động của bạn" kể cả ở Cấu hình, Hoá đơn. Sửa: lấy phụ đề theo route trong routeRegistry hoặc bỏ; thay nhãn lặp bằng breadcrumb nhóm › trang. | D96: FE | E96: Khôi | F96: Simple | G96: Không đổi business rule; giữ RBAC động, không hardcode chuỗi nghiệp vụ, file ≤ 200 dòng. File: components/common/MainHeader.jsx, components/common/PageHeader.jsx | H96: sprint-3/fe-khoi | I96: 20/10/2026 | J96: 02/11/2026 | K96: Review | L96: Ảnh minh hoạ trong docs/kiem-thu/nghiem-thu/BaoCao_RaSoatUI_Flow1_Flow2.docx
A97: UI-F1-04 | B97: UI Flow 1 | C97: FE – Sửa UI: Bảng hội viên: bấm dòng không mở chi tiết, nút thiếu nhãn (màn /members — r-02, r-04, a-06). Bấm dòng không phản hồi; chi tiết chỉ mở bằng nút bút chì không nhãn; nút "Mua gói" màu chính lặp ở mọi dòng. Sửa: onRow mở drawer, cột "Thao tác" có nút "Xem", "Mua gói" thành nút phụ và đổi thành "Gia hạn" khi còn hạn. | D97: FE | E97: Khải | F97: Medium | G97: Không đổi business rule; giữ RBAC động, không hardcode chuỗi nghiệp vụ, file ≤ 200 dòng. File: pages/members/MemberColumns.jsx, pages/members/MembersPage.jsx | H97: sprint-3/fe-khai | I97: 20/10/2026 | J97: 02/11/2026 | K97: To Do | L97: Ảnh minh hoạ trong docs/kiem-thu/nghiem-thu/BaoCao_RaSoatUI_Flow1_Flow2.docx
A98: UI-F1-05 | B98: UI Flow 1 | C98: FE – Sửa UI: Bảng hội viên chật cột, ô tìm kiếm khó thấy, thiếu bộ lọc (màn /members — r-02, r-05, a-06). SĐT và email xuống dòng; thẻ "Tra cứu nhanh" chỉ là chữ còn ô tìm thật nằm nhỏ trong bảng; không lọc theo trạng thái gói. Sửa: nowrap + width cột, đưa ô tìm lên đầu ("Tìm theo tên, SĐT hoặc email"), thêm lọc đang hoạt động / sắp hết hạn / chưa có gói / chưa xác minh email / đang bảo lưu. | D98: FE | E98: Khải | F98: Medium | G98: Không đổi business rule; giữ RBAC động, không hardcode chuỗi nghiệp vụ, file ≤ 200 dòng. File: pages/members/MembersListPanel.jsx, pages/members/members.css | H98: sprint-3/fe-khai | I98: 20/10/2026 | J98: 02/11/2026 | K98: To Do | L98: Ảnh minh hoạ trong docs/kiem-thu/nghiem-thu/BaoCao_RaSoatUI_Flow1_Flow2.docx
A99: UI-F1-06 | B99: UI Flow 1 | C99: FE – Sửa UI: Thống nhất chính tả và viết hoa toàn FE (màn m-06, r-02, r-03, r-07, m-09, c-05). Trộn "hoá/hóa", "huỷ/hủy", "khoá/khóa" ngay trên một màn; tiêu đề "Quản Lý Hội Viên" viết hoa từng chữ; lúc gọi "học viên" lúc "hội viên". Sửa: chọn một kiểu ("hóa", "hủy", "khóa"), thay toàn bộ, gom nhãn dùng chung vào constants, gọi thống nhất là "hội viên". | D99: FE | E99: Khải | F99: Simple | G99: Không đổi business rule; giữ RBAC động, không hardcode chuỗi nghiệp vụ, file ≤ 200 dòng. File: constants/*.js, pages/**/*.jsx | H99: sprint-3/fe-khai | I99: 20/10/2026 | J99: 02/11/2026 | K99: To Do | L99: Ảnh minh hoạ trong docs/kiem-thu/nghiem-thu/BaoCao_RaSoatUI_Flow1_Flow2.docx
A100: UI-F1-07 | B100: UI Flow 1 | C100: FE – Sửa UI: Còn chữ tiếng Anh và tên thương hiệu không thống nhất (màn m-05, a-05, r-06, a-04, f1-02). Còn "MEMBERSHIP CỦA BẠN", "Online", "Failed", "webhook"; trang đăng ký ghi "SportHub" trong khi logo là "Sports Center". Sửa: dịch thành "Gói tập của bạn", "Trực tuyến", "Thất bại"; đặt APP_NAME mặc định "Sports Center". | D100: FE | E100: Khải | F100: Simple | G100: Không đổi business rule; giữ RBAC động, không hardcode chuỗi nghiệp vụ, file ≤ 200 dòng. File: pages/membership/CurrentMembershipCard.jsx, pages/payments/InvoiceTable.jsx, layouts/AuthLayout.jsx, config/env.js | H100: sprint-3/fe-khai | I100: 20/10/2026 | J100: 02/11/2026 | K100: To Do | L100: Ảnh minh hoạ trong docs/kiem-thu/nghiem-thu/BaoCao_RaSoatUI_Flow1_Flow2.docx
A101: UI-F1-08 | B101: UI Flow 1 | C101: FE – Sửa UI: Hội viên mua gói không có bước xác nhận ngày hiệu lực (màn /membership-plans — m-05). Hội viên còn hạn vẫn chỉ thấy "Chọn gói này", bấm là sang hoá đơn ngay, không biết gói mới bắt đầu/hết hạn khi nào; thẻ "ĐANG HOẠT ĐỘNG" thiếu tương phản. Sửa: hộp xác nhận dùng lại MembershipEffectPreview, đổi nút thành "Gia hạn" khi còn hạn, phụ đề theo vai trò, sửa màu thẻ. | D101: FE | E101: Khải | F101: Medium | G101: Không đổi business rule; giữ RBAC động, không hardcode chuỗi nghiệp vụ, file ≤ 200 dòng. File: pages/membership/MembershipCards.jsx, CurrentMembershipCard.jsx, MembershipPlansPage.jsx | H101: sprint-3/fe-khai | I101: 20/10/2026 | J101: 02/11/2026 | K101: To Do | L101: Ảnh minh hoạ trong docs/kiem-thu/nghiem-thu/BaoCao_RaSoatUI_Flow1_Flow2.docx
A102: UI-F1-09 | B102: UI Flow 1 | C102: FE – Sửa UI: Trang hoá đơn của hội viên dùng bộ lọc của nhân viên (màn /payments — m-06). Ô tìm ghi "Mã hóa đơn hoặc tên hội viên", có lọc kênh; trạng thái trống chỉ là dòng chữ xám. Sửa: rút gọn bộ lọc theo quyền, dùng Empty kèm nút "Xem gói tập"; kiểm tra lại dữ liệu mẫu member1 đang có gói nhưng danh sách trống. | D102: FE | E102: Khải | F102: Simple | G102: Không đổi business rule; giữ RBAC động, không hardcode chuỗi nghiệp vụ, file ≤ 200 dòng. File: pages/payments/InvoiceFilters.jsx, pages/payments/InvoiceTable.jsx | H102: sprint-3/fe-khai | I102: 20/10/2026 | J102: 02/11/2026 | K102: To Do | L102: Ảnh minh hoạ trong docs/kiem-thu/nghiem-thu/BaoCao_RaSoatUI_Flow1_Flow2.docx
A103: UI-F1-10 | B103: UI Flow 1 | C103: FE – Sửa UI: Thanh lọc hoá đơn của nhân viên lệch, thiếu lọc theo ngày (màn /payments — r-06, a-07). Bộ lọc chia 2 hàng lệch nhau, cột số tiền căn trái, không lọc theo khoảng ngày, nhãn "Hóa đơn của tôi" khó hiểu với lễ tân. Sửa: một hàng Flex wrap, thêm RangePicker, cột tiền căn phải, đổi nhãn "Do tôi tạo". | D103: FE | E103: Khải | F103: Simple | G103: Không đổi business rule; giữ RBAC động, không hardcode chuỗi nghiệp vụ, file ≤ 200 dòng. File: pages/payments/PaymentsPage.jsx, InvoiceFilters.jsx, InvoiceTable.jsx | H103: sprint-3/fe-khai | I103: 20/10/2026 | J103: 02/11/2026 | K103: To Do | L103: Ảnh minh hoạ trong docs/kiem-thu/nghiem-thu/BaoCao_RaSoatUI_Flow1_Flow2.docx
A104: UI-F1-11 | B104: UI Flow 1 | C104: FE – Sửa UI: Modal tạo hoá đơn tại quầy: nút bị khoá mà không giải thích (màn modal Tạo hóa đơn tại quầy — r-07). Nút "Tạo hóa đơn" xám mà không nói cần làm gì; tiêu đề dính sát nhãn. Sửa: dòng hướng dẫn "Chọn hội viên và gói", hiện khung tóm tắt giá/hiệu lực ngay từ đầu, chỉnh khoảng cách như MemberFormModal. | D104: FE | E104: Khải | F104: Simple | G104: Không đổi business rule; giữ RBAC động, không hardcode chuỗi nghiệp vụ, file ≤ 200 dòng. File: pages/payments/CounterInvoiceModal.jsx | H104: sprint-3/fe-khai | I104: 20/10/2026 | J104: 02/11/2026 | K104: To Do | L104: Ảnh minh hoạ trong docs/kiem-thu/nghiem-thu/BaoCao_RaSoatUI_Flow1_Flow2.docx
... A123: UI-F2-14 | B123: UI Flow 2 | C123: FE – Sửa UI: Card Bộ môn/Phòng tập lệch, không kích hoạt lại được (màn Bộ môn, Phòng tập — a-14, a-15). Tag dính sát nút, card ngừng hoạt động lệch so với card khác và không có "Kích hoạt lại", tên dài xuống dòng, phân trang căn trái. Sửa: tag lên extra, nút "Kích hoạt lại", lọc trạng thái, ellipsis + tooltip, căn phải phân trang (hoặc chuyển sang Table); thêm tag "Bảo trì" cho #106. | D123: FE | E123: Khải | F123: Simple | G123: Không đổi business rule; giữ RBAC động, không hardcode chuỗi nghiệp vụ, file ≤ 200 dòng. File: pages/schedule/ResourceCatalogPanel.jsx | H123: sprint-3/fe-khai | I123: 20/10/2026 | J123: 02/11/2026 | K123: To Do | L123: Ảnh minh hoạ trong docs/kiem-thu/nghiem-thu/BaoCao_RaSoatUI_Flow1_Flow2.docx

Sheet Tổng hợp
A1: Tiến độ Sprint 3 theo thành viên
A3: Thành viên | B3: Vai | C3: Tổng task | D3: To Do | E3: In Progress | F3: Review | G3: Done | H3: % Done
A4: Nhanh | B4: BE · Leader | C4: =COUNTIF('Task Sprint 3'!$E$5:$E$123,A4) | D4: =COUNTIFS('Task Sprint 3'!$E$5:$E$123,$A4,'Task Sprint 3'!$K$5:$K$123,"To Do") | E4: =COUNTIFS('Task Sprint 3'!$E$5:$E$123,$A4,'Task Sprint 3'!$K$5:$K$123,"In Progress") | F4: =COUNTIFS('Task Sprint 3'!$E$5:$E$123,$A4,'Task Sprint 3'!$K$5:$K$123,"Review") | G4: =COUNTIFS('Task Sprint 3'!$E$5:$E$123,$A4,'Task Sprint 3'!$K$5:$K$123,"Done") | H4: =IF(C4=0,0,G4/C4)
A5: Bảo | B5: BE | C5: =COUNTIF('Task Sprint 3'!$E$5:$E$123,A5) | D5: =COUNTIFS('Task Sprint 3'!$E$5:$E$123,$A5,'Task Sprint 3'!$K$5:$K$123,"To Do") | E5: =COUNTIFS('Task Sprint 3'!$E$5:$E$123,$A5,'Task Sprint 3'!$K$5:$K$123,"In Progress") | F5: =COUNTIFS('Task Sprint 3'!$E$5:$E$123,$A5,'Task Sprint 3'!$K$5:$K$123,"Review") | G5: =COUNTIFS('Task Sprint 3'!$E$5:$E$123,$A5,'Task Sprint 3'!$K$5:$K$123,"Done") | H5: =IF(C5=0,0,G5/C5)
A6: Khôi | B6: FE | C6: =COUNTIF('Task Sprint 3'!$E$5:$E$123,A6) | D6: =COUNTIFS('Task Sprint 3'!$E$5:$E$123,$A6,'Task Sprint 3'!$K$5:$K$123,"To Do") | E6: =COUNTIFS('Task Sprint 3'!$E$5:$E$123,$A6,'Task Sprint 3'!$K$5:$K$123,"In Progress") | F6: =COUNTIFS('Task Sprint 3'!$E$5:$E$123,$A6,'Task Sprint 3'!$K$5:$K$123,"Review") | G6: =COUNTIFS('Task Sprint 3'!$E$5:$E$123,$A6,'Task Sprint 3'!$K$5:$K$123,"Done") | H6: =IF(C6=0,0,G6/C6)
A7: Khải | B7: FE | C7: =COUNTIF('Task Sprint 3'!$E$5:$E$123,A7) | D7: =COUNTIFS('Task Sprint 3'!$E$5:$E$123,$A7,'Task Sprint 3'!$K$5:$K$123,"To Do") | E7: =COUNTIFS('Task Sprint 3'!$E$5:$E$123,$A7,'Task Sprint 3'!$K$5:$K$123,"In Progress") | F7: =COUNTIFS('Task Sprint 3'!$E$5:$E$123,$A7,'Task Sprint 3'!$K$5:$K$123,"Review") | G7: =COUNTIFS('Task Sprint 3'!$E$5:$E$123,$A7,'Task Sprint 3'!$K$5:$K$123,"Done") | H7: =IF(C7=0,0,G7/C7)
A8: Tổng | C8: =SUM(C4:C7) | D8: =SUM(D4:D7) | E8: =SUM(E4:E7) | F8: =SUM(F4:F7) | G8: =SUM(G4:G7) | H8: =IF(C8=0,0,G8/C8)
A10: Demo main flow Sprint 3 (Review 3):
A11: 1. Hội viên chọn gói → xác nhận ngày hiệu lực → QR → chuyển khoản → webhook SePay → Đã thanh toán → tải hoá đơn PDF
A12: 2. Đối soát: chuyển sai mã → Manager map vào hội viên/gói; chuyển thiếu → hội viên chuyển bù bằng QR phần thiếu → PAID → xuất hoá đơn
A13: 3. Chuyển thừa → xác nhận + hoàn phần thừa; chuyển 2 lần cùng mã → cảnh báo đỏ → ghi nhật ký liên hệ → hoàn hoặc dùng gia hạn
A14: 4. Lỗi mạng/webhook chậm: hội viên bấm "Tôi đã chuyển khoản" → Manager đối chiếu → map; job hết hạn hoá đơn, job nhắc/hết hạn gói
A15: 5. Flow 1 sâu: khoá đăng nhập sau 5 lần sai; đăng ký tại quầy trùng SĐT → mở hồ sơ có sẵn; bảo lưu gói; khoá hội viên có lịch
A16: 6. Flow 2 sâu: lớp đầy → danh sách chờ; đổi giờ/huỷ một buổi; đổi HLV; phòng bảo trì; HLV điểm danh → chặn do vắng nhiều lần
A17: 7. Manager xem nhật ký thao tác, dashboard báo cáo và xuất tệp

Sheet Ngoài kế hoạch
A1: VIỆC THÊM THEO GÓP Ý GIẢNG VIÊN – KHÔNG THUỘC SPRINT PLAN, KHÔNG TÍNH VÀO TỔNG HỢP
A2: Việc thêm theo góp ý giảng viên, chuyển từ Sprint 2 và đã làm xong ở sprint bổ sung (PR #3). Đã tính trong Task Sprint 3 nên không tính vào Tổng hợp. Người làm là đề xuất, nhóm chốt lại.
A4: Task ID | B4: Loại | C4: Việc | D4: Người làm (đề xuất) | E4: Trạng thái | F4: Ghi chú
A5: X-01 | B5: BE | C5: Mailer dùng chung (nodemailer, đọc MAIL_* từ .env) | D5: Nhanh | E5: Review | F5: Đã làm: gửi mail qua MAIL_* trong .env (dùng chung cho đặt lại mật khẩu, xác minh, đổi email). Xem S3-01
A6: X-02 | B6: BE | C6: Gửi link xác minh sau đăng ký (token băm, dùng 1 lần, hạn đọc từ system_settings) | D6: Nhanh | E6: Review | F6: Đã làm. Xem S3-28
A7: X-03 | B7: BE | C7: API verify-email, resend-verification (giới hạn tần suất) | D7: Nhanh | E7: Review | F7: Đã làm (có giới hạn tần suất). Xem S3-28
A8: X-04 | B8: BE | C8: Cột email_verified_at + chặn đăng ký lớp/mua gói khi chưa xác minh | D8: Nhanh | E8: Review | F8: Đã chốt: chặn đăng nhập khi chưa xác minh (403 EMAIL_NOT_VERIFIED). Xem S3-28
A9: X-05 | B9: FE | C9: Trang /verify-email, banner chưa xác minh, nút gửi lại | D9: Khôi | E9: Review | F9: Đã làm. Xem S3-29
